国家,Zone,Shipping Class,计算方式,条件范围,运费,Currency,
United States,Zone A,no-free-ship,金额,<100,8.38 ,USD,
United States,Zone A,no-free-ship,金额,<50,7.50 ,USD,
United Kingdom,Zone A,no-free-ship,金额,<100,5.15 ,USD,
United Kingdom,Zone A,no-free-ship,金额,<50,4.41 ,USD,
Sweden,Zone A,no-free-ship,金额,<100,3.53 ,USD,
Sweden,Zone A,no-free-ship,金额,<50,2.94 ,USD,
Spain,Zone A,no-free-ship,金额,<100,3.68 ,USD,
Spain,Zone A,no-free-ship,金额,<50,3.16 ,USD,
Slovenia,Zone A,no-free-ship,金额,<100,3.97 ,USD,
Slovenia,Zone A,no-free-ship,金额,<50,3.38 ,USD,
Slovakia,Zone A,no-free-ship,金额,<100,3.53 ,USD,
Slovakia,Zone A,no-free-ship,金额,<50,2.79 ,USD,
Singapore,Zone A,no-free-ship,金额,<100,2.35 ,USD,
Singapore,Zone A,no-free-ship,金额,<50,2.13 ,USD,
Romania,Zone A,no-free-ship,金额,<100,4.85 ,USD,
Romania,Zone A,no-free-ship,金额,<50,4.34 ,USD,
Republic of Korea,Zone A,no-free-ship,金额,<100,2.06 ,USD,
Republic of Korea,Zone A,no-free-ship,金额,<50,1.91 ,USD,
Portugal,Zone A,no-free-ship,金额,<100,5.15 ,USD,
Portugal,Zone A,no-free-ship,金额,<50,4.41 ,USD,
Netherlands,Zone A,no-free-ship,金额,<100,4.41 ,USD,
Netherlands,Zone A,no-free-ship,金额,<50,3.09 ,USD,
Monaco,Zone A,no-free-ship,金额,<100,5.15 ,USD,
Monaco,Zone A,no-free-ship,金额,<50,4.41 ,USD,
Mexico,Zone A,no-free-ship,金额,<100,3.68 ,USD,
Mexico,Zone A,no-free-ship,金额,<50,2.72 ,USD,
Malta,Zone A,no-free-ship,金额,<100,3.53 ,USD,
Malta,Zone A,no-free-ship,金额,<50,2.21 ,USD,
Luxembourg,Zone A,no-free-ship,金额,<100,5.15 ,USD,
Luxembourg,Zone A,no-free-ship,金额,<50,4.56 ,USD,
Lithuania,Zone A,no-free-ship,金额,<100,2.79 ,USD,
Lithuania,Zone A,no-free-ship,金额,<50,2.28 ,USD,
Latvia,Zone A,no-free-ship,金额,<100,2.79 ,USD,
Latvia,Zone A,no-free-ship,金额,<50,2.28 ,USD,
Japan,Zone A,no-free-ship,金额,<100,3.24 ,USD,
Japan,Zone A,no-free-ship,金额,<50,2.87 ,USD,
Italy,Zone A,no-free-ship,金额,<100,4.85 ,USD,
Italy,Zone A,no-free-ship,金额,<50,4.34 ,USD,
Ireland,Zone A,no-free-ship,金额,<100,5.00 ,USD,
Ireland,Zone A,no-free-ship,金额,<50,4.49 ,USD,
Hungary,Zone A,no-free-ship,金额,<100,3.82 ,USD,
Hungary,Zone A,no-free-ship,金额,<50,3.24 ,USD,
Greece,Zone A,no-free-ship,金额,<100,3.82 ,USD,
Greece,Zone A,no-free-ship,金额,<50,3.16 ,USD,
Germany,Zone A,no-free-ship,金额,<100,4.26 ,USD,
Germany,Zone A,no-free-ship,金额,<50,3.75 ,USD,
France,Zone A,no-free-ship,金额,<100,3.97 ,USD,
France,Zone A,no-free-ship,金额,<50,3.38 ,USD,
Finland,Zone A,no-free-ship,金额,<100,4.41 ,USD,
Finland,Zone A,no-free-ship,金额,<50,2.65 ,USD,
Estonia,Zone A,no-free-ship,金额,<100,2.79 ,USD,
Estonia,Zone A,no-free-ship,金额,<50,2.28 ,USD,
Denmark,Zone A,no-free-ship,金额,<100,5.29 ,USD,
Denmark,Zone A,no-free-ship,金额,<50,4.71 ,USD,
Czech Republic,Zone A,no-free-ship,金额,<100,3.82 ,USD,
Czech Republic,Zone A,no-free-ship,金额,<50,3.09 ,USD,
Cyprus,Zone A,no-free-ship,金额,<100,4.85 ,USD,
Cyprus,Zone A,no-free-ship,金额,<50,3.90 ,USD,
Croatia,Zone A,no-free-ship,金额,<100,3.82 ,USD,
Croatia,Zone A,no-free-ship,金额,<50,3.24 ,USD,
Canada,Zone A,no-free-ship,金额,<100,4.12 ,USD,
Canada,Zone A,no-free-ship,金额,<50,3.53 ,USD,
Belgium,Zone A,no-free-ship,金额,<100,5.29 ,USD,
Belgium,Zone A,no-free-ship,金额,<50,4.85 ,USD,
Austria,Zone A,no-free-ship,金额,<100,5.15 ,USD,
Austria,Zone A,no-free-ship,金额,<50,4.63 ,USD,
Australia,Zone A,no-free-ship,金额,<100,4.85 ,USD,
Australia,Zone A,no-free-ship,金额,<50,4.26 ,USD,
Australia,Zone A,small-light,购买数量区间,<39,12.90 ,USD,
Belgium,Zone A,small-light,购买数量区间,<39,12.90 ,USD,
Canada,Zone A,small-light,购买数量区间,<39,12.90 ,USD,
France,Zone A,small-light,购买数量区间,<39,12.90 ,USD,
Germany,Zone A,small-light,购买数量区间,<39,12.90 ,USD,
Italy,Zone A,small-light,购买数量区间,<39,12.90 ,USD,
Japan,Zone A,small-light,购买数量区间,<39,12.90 ,USD,
Mexico,Zone A,small-light,购买数量区间,<39,12.90 ,USD,
Netherlands,Zone A,small-light,购买数量区间,<39,12.90 ,USD,
Portugal,Zone A,small-light,购买数量区间,<39,12.90 ,USD,
Republic of Korea,Zone A,small-light,购买数量区间,<39,12.90 ,USD,
Singapore,Zone A,small-light,购买数量区间,<39,12.90 ,USD,
Spain,Zone A,small-light,购买数量区间,<39,12.90 ,USD,
United Kingdom,Zone A,small-light,购买数量区间,<39,12.90 ,USD,
United States,Zone A,small-light,购买数量区间,<39,12.90 ,USD,
Austria,Zone A,small-light,购买数量区间,<39,12.90 ,USD,
Croatia,Zone A,small-light,购买数量区间,<39,12.90 ,USD,
Cyprus,Zone A,small-light,购买数量区间,<39,12.90 ,USD,
Czech Republic,Zone A,small-light,购买数量区间,<39,12.90 ,USD,
Denmark,Zone A,small-light,购买数量区间,<39,12.90 ,USD,
Estonia,Zone A,small-light,购买数量区间,<39,12.90 ,USD,
Finland,Zone A,small-light,购买数量区间,<39,12.90 ,USD,
Greece,Zone A,small-light,购买数量区间,<39,12.90 ,USD,
Hungary,Zone A,small-light,购买数量区间,<39,12.90 ,USD,
Ireland,Zone A,small-light,购买数量区间,<39,12.90 ,USD,
Latvia,Zone A,small-light,购买数量区间,<39,12.90 ,USD,
Lithuania,Zone A,small-light,购买数量区间,<39,12.90 ,USD,
Luxembourg,Zone A,small-light,购买数量区间,<39,12.90 ,USD,
Malta,Zone A,small-light,购买数量区间,<39,12.90 ,USD,
Monaco,Zone A,small-light,购买数量区间,<39,12.90 ,USD,
Romania,Zone A,small-light,购买数量区间,<39,12.90 ,USD,
Slovakia,Zone A,small-light,购买数量区间,<39,12.90 ,USD,
Slovenia,Zone A,small-light,购买数量区间,<39,12.90 ,USD,
Sweden,Zone A,small-light,购买数量区间,<39,12.90 ,USD,
Australia,Zone A,small-light,购买数量区间,<99,6.90 ,USD,
Belgium,Zone A,small-light,购买数量区间,<99,6.90 ,USD,
Canada,Zone A,small-light,购买数量区间,<99,6.90 ,USD,
France,Zone A,small-light,购买数量区间,<99,6.90 ,USD,
Germany,Zone A,small-light,购买数量区间,<99,6.90 ,USD,
Italy,Zone A,small-light,购买数量区间,<99,6.90 ,USD,
Japan,Zone A,small-light,购买数量区间,<99,6.90 ,USD,
Mexico,Zone A,small-light,购买数量区间,<99,6.90 ,USD,
Netherlands,Zone A,small-light,购买数量区间,<99,6.90 ,USD,
Portugal,Zone A,small-light,购买数量区间,<99,6.90 ,USD,
Republic of Korea,Zone A,small-light,购买数量区间,<99,6.90 ,USD,
Singapore,Zone A,small-light,购买数量区间,<99,6.90 ,USD,
Spain,Zone A,small-light,购买数量区间,<99,6.90 ,USD,
United Kingdom,Zone A,small-light,购买数量区间,<99,6.90 ,USD,
United States,Zone A,small-light,购买数量区间,<99,6.90 ,USD,
Austria,Zone A,small-light,购买数量区间,<99,6.90 ,USD,
Croatia,Zone A,small-light,购买数量区间,<99,6.90 ,USD,
Cyprus,Zone A,small-light,购买数量区间,<99,6.90 ,USD,
Czech Republic,Zone A,small-light,购买数量区间,<99,6.90 ,USD,
Denmark,Zone A,small-light,购买数量区间,<99,6.90 ,USD,
Estonia,Zone A,small-light,购买数量区间,<99,6.90 ,USD,
Finland,Zone A,small-light,购买数量区间,<99,6.90 ,USD,
Greece,Zone A,small-light,购买数量区间,<99,6.90 ,USD,
Hungary,Zone A,small-light,购买数量区间,<99,6.90 ,USD,
Ireland,Zone A,small-light,购买数量区间,<99,6.90 ,USD,
Latvia,Zone A,small-light,购买数量区间,<99,6.90 ,USD,
Lithuania,Zone A,small-light,购买数量区间,<99,6.90 ,USD,
Luxembourg,Zone A,small-light,购买数量区间,<99,6.90 ,USD,
Malta,Zone A,small-light,购买数量区间,<99,6.90 ,USD,
Monaco,Zone A,small-light,购买数量区间,<99,6.90 ,USD,
Romania,Zone A,small-light,购买数量区间,<99,6.90 ,USD,
Slovakia,Zone A,small-light,购买数量区间,<99,6.90 ,USD,
Slovenia,Zone A,small-light,购买数量区间,<99,6.90 ,USD,
Sweden,Zone A,small-light,购买数量区间,<99,6.90 ,USD,
Australia,Zone A,small-light,购买数量区间,>99,0.00 ,USD,
Belgium,Zone A,small-light,购买数量区间,>99,0.00 ,USD,
Canada,Zone A,small-light,购买数量区间,>99,0.00 ,USD,
France,Zone A,small-light,购买数量区间,>99,0.00 ,USD,
Germany,Zone A,small-light,购买数量区间,>99,0.00 ,USD,
Italy,Zone A,small-light,购买数量区间,>99,0.00 ,USD,
Japan,Zone A,small-light,购买数量区间,>99,0.00 ,USD,
Mexico,Zone A,small-light,购买数量区间,>99,0.00 ,USD,
Netherlands,Zone A,small-light,购买数量区间,>99,0.00 ,USD,
Portugal,Zone A,small-light,购买数量区间,>99,0.00 ,USD,
Republic of Korea,Zone A,small-light,购买数量区间,>99,0.00 ,USD,
Singapore,Zone A,small-light,购买数量区间,>99,0.00 ,USD,
Spain,Zone A,small-light,购买数量区间,>99,0.00 ,USD,
United Kingdom,Zone A,small-light,购买数量区间,>99,0.00 ,USD,
United States,Zone A,small-light,购买数量区间,>99,0.00 ,USD,
Austria,Zone A,small-light,购买数量区间,>99,0.00 ,USD,
Croatia,Zone A,small-light,购买数量区间,>99,0.00 ,USD,
Cyprus,Zone A,small-light,购买数量区间,>99,0.00 ,USD,
Czech Republic,Zone A,small-light,购买数量区间,>99,0.00 ,USD,
Denmark,Zone A,small-light,购买数量区间,>99,0.00 ,USD,
Estonia,Zone A,small-light,购买数量区间,>99,0.00 ,USD,
Finland,Zone A,small-light,购买数量区间,>99,0.00 ,USD,
Greece,Zone A,small-light,购买数量区间,>99,0.00 ,USD,
Hungary,Zone A,small-light,购买数量区间,>99,0.00 ,USD,
Ireland,Zone A,small-light,购买数量区间,>99,0.00 ,USD,
Latvia,Zone A,small-light,购买数量区间,>99,0.00 ,USD,
Lithuania,Zone A,small-light,购买数量区间,>99,0.00 ,USD,
Luxembourg,Zone A,small-light,购买数量区间,>99,0.00 ,USD,
Malta,Zone A,small-light,购买数量区间,>99,0.00 ,USD,
Monaco,Zone A,small-light,购买数量区间,>99,0.00 ,USD,
Romania,Zone A,small-light,购买数量区间,>99,0.00 ,USD,
Slovakia,Zone A,small-light,购买数量区间,>99,0.00 ,USD,
Slovenia,Zone A,small-light,购买数量区间,>99,0.00 ,USD,
Sweden,Zone A,small-light,购买数量区间,>99,0.00 ,USD,
Taiwan,Zone Asia,no-free-ship,金额,<50,3.16 ,USD,
Taiwan,Zone Asia,no-free-ship,金额,<100,3.38 ,USD,
Macao(China),Zone Asia,no-free-ship,金额,<50,3.46 ,USD,
Macao(China),Zone Asia,no-free-ship,金额,<100,3.97 ,USD,
Hong Kong,Zone Asia,no-free-ship,金额,<50,2.06 ,USD,
Hong Kong,Zone Asia,no-free-ship,金额,<100,2.21 ,USD,
Hong Kong,Zone Asia,small-light,购买数量区间,<39,6.00 ,USD,
Taiwan,Zone Asia,small-light,购买数量区间,<39,6.00 ,USD,
Macao(China),Zone Asia,small-light,购买数量区间,<39,6.00 ,USD,
Hong Kong,Zone Asia,small-light,购买数量区间,<79,3.00 ,USD,
Taiwan,Zone Asia,small-light,购买数量区间,<79,3.00 ,USD,
Macao(China),Zone Asia,small-light,购买数量区间,<79,3.00 ,USD,
Hong Kong,Zone Asia,small-light,购买数量区间,>79,0.00 ,USD,
Taiwan,Zone Asia,small-light,购买数量区间,>79,0.00 ,USD,
Macao(China),Zone Asia,small-light,购买数量区间,>79,0.00 ,USD,
Switzerland,Zone A-欧洲,no-free-ship,金额,<100,5.29 ,USD,
Puerto Rico,Zone A-欧洲,no-free-ship,金额,<100,7.65 ,USD,
Norway,Zone A-欧洲,no-free-ship,金额,<100,5.15 ,USD,
New Zealand,Zone A-欧洲,no-free-ship,金额,<100,6.03 ,USD,
Switzerland,Zone A-欧洲,no-free-ship,金额,<50,4.56 ,USD,
Puerto Rico,Zone A-欧洲,no-free-ship,金额,<50,6.76 ,USD,
Norway,Zone A-欧洲,no-free-ship,金额,<50,4.63 ,USD,
New Zealand,Zone A-欧洲,no-free-ship,金额,<50,5.59 ,USD,
New Zealand,Zone A-欧洲,small-light,购买数量区间,<69,15.00 ,USD,
Norway,Zone A-欧洲,small-light,购买数量区间,<69,15.00 ,USD,
Switzerland,Zone A-欧洲,small-light,购买数量区间,<69,15.00 ,USD,
Puerto Rico,Zone A-欧洲,small-light,购买数量区间,<69,15.00 ,USD,
New Zealand,Zone A-欧洲,small-light,购买数量区间,<129,8.00 ,USD,
Norway,Zone A-欧洲,small-light,购买数量区间,<129,8.00 ,USD,
Switzerland,Zone A-欧洲,small-light,购买数量区间,<129,8.00 ,USD,
Puerto Rico,Zone A-欧洲,small-light,购买数量区间,<129,8.00 ,USD,
New Zealand,Zone A-欧洲,small-light,购买数量区间,>129,0.00 ,USD,
Norway,Zone A-欧洲,small-light,购买数量区间,>129,0.00 ,USD,
Switzerland,Zone A-欧洲,small-light,购买数量区间,>129,0.00 ,USD,
Puerto Rico,Zone A-欧洲,small-light,购买数量区间,>129,0.00 ,USD,
Vietnam,Zone B1,no-free-ship,金额,<50,1.25 ,USD,
Uruguay,Zone B1,no-free-ship,金额,<50,2.79 ,USD,
UAE,Zone B1,no-free-ship,金额,<50,3.09 ,USD,
Turkey,Zone B1,no-free-ship,金额,<50,2.57 ,USD,
Thailand,Zone B1,no-free-ship,金额,<50,1.03 ,USD,
Serbia,Zone B1,no-free-ship,金额,<50,4.12 ,USD,
Saudi Arabia,Zone B1,no-free-ship,金额,<50,2.50 ,USD,
Qatar,Zone B1,no-free-ship,金额,<50,2.06 ,USD,
Poland,Zone B1,no-free-ship,金额,<50,2.43 ,USD,
Panama,Zone B1,no-free-ship,金额,<50,2.43 ,USD,
Oman,Zone B1,no-free-ship,金额,<50,2.35 ,USD,
Montenegro,Zone B1,no-free-ship,金额,<50,3.16 ,USD,
Mauritius,Zone B1,no-free-ship,金额,<50,4.04 ,USD,
Malaysia,Zone B1,no-free-ship,金额,<50,1.69 ,USD,
Kuwait,Zone B1,no-free-ship,金额,<50,2.13 ,USD,
Jordan,Zone B1,no-free-ship,金额,<50,2.13 ,USD,
Israel,Zone B1,no-free-ship,金额,<50,3.24 ,USD,
Georgia,Zone B1,no-free-ship,金额,<50,2.28 ,USD,
Costa Rica,Zone B1,no-free-ship,金额,<50,4.49 ,USD,
Bulgaria,Zone B1,no-free-ship,金额,<50,2.28 ,USD,
Bahrain,Zone B1,no-free-ship,金额,<50,2.06 ,USD,
Vietnam,Zone B1,no-free-ship,金额,<100,1.32 ,USD,
Uruguay,Zone B1,no-free-ship,金额,<100,3.97 ,USD,
UAE,Zone B1,no-free-ship,金额,<100,3.53 ,USD,
Turkey,Zone B1,no-free-ship,金额,<100,3.24 ,USD,
Thailand,Zone B1,no-free-ship,金额,<100,1.18 ,USD,
Serbia,Zone B1,no-free-ship,金额,<100,4.71 ,USD,
Saudi Arabia,Zone B1,no-free-ship,金额,<100,3.09 ,USD,
Qatar,Zone B1,no-free-ship,金额,<100,2.79 ,USD,
Poland,Zone B1,no-free-ship,金额,<100,2.94 ,USD,
Panama,Zone B1,no-free-ship,金额,<100,3.82 ,USD,
Oman,Zone B1,no-free-ship,金额,<100,2.94 ,USD,
Montenegro,Zone B1,no-free-ship,金额,<100,3.97 ,USD,
Mauritius,Zone B1,no-free-ship,金额,<100,4.71 ,USD,
Malaysia,Zone B1,no-free-ship,金额,<100,1.91 ,USD,
Kuwait,Zone B1,no-free-ship,金额,<100,3.24 ,USD,
Jordan,Zone B1,no-free-ship,金额,<100,3.24 ,USD,
Israel,Zone B1,no-free-ship,金额,<100,3.97 ,USD,
Georgia,Zone B1,no-free-ship,金额,<100,2.94 ,USD,
Costa Rica,Zone B1,no-free-ship,金额,<100,5.44 ,USD,
Bulgaria,Zone B1,no-free-ship,金额,<100,2.94 ,USD,
Bahrain,Zone B1,no-free-ship,金额,<100,3.09 ,USD,
Israel,Zone B1,small-light,购买数量区间,<69,19.00 ,USD,
Malaysia,Zone B1,small-light,购买数量区间,<69,19.00 ,USD,
Poland,Zone B1,small-light,购买数量区间,<69,19.00 ,USD,
Saudi Arabia,Zone B1,small-light,购买数量区间,<69,19.00 ,USD,
Thailand,Zone B1,small-light,购买数量区间,<69,19.00 ,USD,
Turkey,Zone B1,small-light,购买数量区间,<69,19.00 ,USD,
UAE,Zone B1,small-light,购买数量区间,<69,19.00 ,USD,
Vietnam,Zone B1,small-light,购买数量区间,<69,19.00 ,USD,
Bahrain,Zone B1,small-light,购买数量区间,<69,19.00 ,USD,
Bulgaria,Zone B1,small-light,购买数量区间,<69,19.00 ,USD,
Costa Rica,Zone B1,small-light,购买数量区间,<69,19.00 ,USD,
Georgia,Zone B1,small-light,购买数量区间,<69,19.00 ,USD,
Jordan,Zone B1,small-light,购买数量区间,<69,19.00 ,USD,
Mauritius,Zone B1,small-light,购买数量区间,<69,19.00 ,USD,
Montenegro,Zone B1,small-light,购买数量区间,<69,19.00 ,USD,
Oman,Zone B1,small-light,购买数量区间,<69,19.00 ,USD,
Panama,Zone B1,small-light,购买数量区间,<69,19.00 ,USD,
Qatar,Zone B1,small-light,购买数量区间,<69,19.00 ,USD,
Serbia,Zone B1,small-light,购买数量区间,<69,19.00 ,USD,
Uruguay,Zone B1,small-light,购买数量区间,<69,19.00 ,USD,
Kuwait,Zone B1,small-light,购买数量区间,<69,19.00 ,USD,
Israel,Zone B1,small-light,购买数量区间,<159,9.00 ,USD,
Malaysia,Zone B1,small-light,购买数量区间,<159,9.00 ,USD,
Poland,Zone B1,small-light,购买数量区间,<159,9.00 ,USD,
Saudi Arabia,Zone B1,small-light,购买数量区间,<159,9.00 ,USD,
Thailand,Zone B1,small-light,购买数量区间,<159,9.00 ,USD,
Turkey,Zone B1,small-light,购买数量区间,<159,9.00 ,USD,
UAE,Zone B1,small-light,购买数量区间,<159,9.00 ,USD,
Vietnam,Zone B1,small-light,购买数量区间,<159,9.00 ,USD,
Bahrain,Zone B1,small-light,购买数量区间,<159,9.00 ,USD,
Bulgaria,Zone B1,small-light,购买数量区间,<159,9.00 ,USD,
Costa Rica,Zone B1,small-light,购买数量区间,<159,9.00 ,USD,
Georgia,Zone B1,small-light,购买数量区间,<159,9.00 ,USD,
Jordan,Zone B1,small-light,购买数量区间,<159,9.00 ,USD,
Mauritius,Zone B1,small-light,购买数量区间,<159,9.00 ,USD,
Montenegro,Zone B1,small-light,购买数量区间,<159,9.00 ,USD,
Oman,Zone B1,small-light,购买数量区间,<159,9.00 ,USD,
Panama,Zone B1,small-light,购买数量区间,<159,9.00 ,USD,
Qatar,Zone B1,small-light,购买数量区间,<159,9.00 ,USD,
Serbia,Zone B1,small-light,购买数量区间,<159,9.00 ,USD,
Uruguay,Zone B1,small-light,购买数量区间,<159,9.00 ,USD,
Kuwait,Zone B1,small-light,购买数量区间,<159,9.00 ,USD,
Israel,Zone B1,small-light,购买数量区间,>159,0.00 ,USD,
Malaysia,Zone B1,small-light,购买数量区间,>159,0.00 ,USD,
Poland,Zone B1,small-light,购买数量区间,>159,0.00 ,USD,
Saudi Arabia,Zone B1,small-light,购买数量区间,>159,0.00 ,USD,
Thailand,Zone B1,small-light,购买数量区间,>159,0.00 ,USD,
Turkey,Zone B1,small-light,购买数量区间,>159,0.00 ,USD,
UAE,Zone B1,small-light,购买数量区间,>159,0.00 ,USD,
Vietnam,Zone B1,small-light,购买数量区间,>159,0.00 ,USD,
Bahrain,Zone B1,small-light,购买数量区间,>159,0.00 ,USD,
Bulgaria,Zone B1,small-light,购买数量区间,>159,0.00 ,USD,
Costa Rica,Zone B1,small-light,购买数量区间,>159,0.00 ,USD,
Georgia,Zone B1,small-light,购买数量区间,>159,0.00 ,USD,
Jordan,Zone B1,small-light,购买数量区间,>159,0.00 ,USD,
Mauritius,Zone B1,small-light,购买数量区间,>159,0.00 ,USD,
Montenegro,Zone B1,small-light,购买数量区间,>159,0.00 ,USD,
Oman,Zone B1,small-light,购买数量区间,>159,0.00 ,USD,
Panama,Zone B1,small-light,购买数量区间,>159,0.00 ,USD,
Qatar,Zone B1,small-light,购买数量区间,>159,0.00 ,USD,
Serbia,Zone B1,small-light,购买数量区间,>159,0.00 ,USD,
Uruguay,Zone B1,small-light,购买数量区间,>159,0.00 ,USD,
Kuwait,Zone B1,small-light,购买数量区间,>159,0.00 ,USD,
Uzbekistan,Zone B2,no-free-ship,金额,<50,2.79 ,USD,
Tunisia,Zone B2,no-free-ship,金额,<50,2.13 ,USD,
Tajikistan,Zone B2,no-free-ship,金额,<50,1.10 ,USD,
Suriname,Zone B2,no-free-ship,金额,<50,2.79 ,USD,
Sri Lanka,Zone B2,no-free-ship,金额,<50,3.53 ,USD,
Philippines,Zone B2,no-free-ship,金额,<50,1.62 ,USD,
Paraguay,Zone B2,no-free-ship,金额,<50,2.65 ,USD,
Nicaragua,Zone B2,no-free-ship,金额,<50,2.50 ,USD,
Nepal,Zone B2,no-free-ship,金额,<50,2.13 ,USD,
Myanmar,Zone B2,no-free-ship,金额,<50,1.84 ,USD,
Morocco,Zone B2,no-free-ship,金额,<50,2.43 ,USD,
Mongolia,Zone B2,no-free-ship,金额,<50,3.01 ,USD,
Moldova,Zone B2,no-free-ship,金额,<50,1.99 ,USD,
Maldives,Zone B2,no-free-ship,金额,<50,1.32 ,USD,
Macedonia,Zone B2,no-free-ship,金额,<50,2.21 ,USD,
Lebanon,Zone B2,no-free-ship,金额,<50,1.99 ,USD,
Laos,Zone B2,no-free-ship,金额,<50,2.65 ,USD,
Kyrgyzstan,Zone B2,no-free-ship,金额,<50,1.10 ,USD,
Kazakhstan,Zone B2,no-free-ship,金额,<50,1.18 ,USD,
Indonesia,Zone B2,no-free-ship,金额,<50,1.84 ,USD,
India,Zone B2,no-free-ship,金额,<50,2.43 ,USD,
Honduras,Zone B2,no-free-ship,金额,<50,2.72 ,USD,
Guatemala,Zone B2,no-free-ship,金额,<50,2.94 ,USD,
El Salvador,Zone B2,no-free-ship,金额,<50,2.50 ,USD,
Egypt,Zone B2,no-free-ship,金额,<50,2.35 ,USD,
Ecuador,Zone B2,no-free-ship,金额,<50,2.72 ,USD,
Dominican Republic,Zone B2,no-free-ship,金额,<50,2.43 ,USD,
Colombia,Zone B2,no-free-ship,金额,<50,2.87 ,USD,
Cambodia,Zone B2,no-free-ship,金额,<50,1.62 ,USD,
Brunei Darussalam,Zone B2,no-free-ship,金额,<50,2.57 ,USD,
Bosnia And Herzegovina,Zone B2,no-free-ship,金额,<50,3.82 ,USD,
Bolivia,Zone B2,no-free-ship,金额,<50,2.79 ,USD,
Belize,Zone B2,no-free-ship,金额,<50,2.72 ,USD,
Bangladesh,Zone B2,no-free-ship,金额,<50,2.06 ,USD,
Azerbaijan,Zone B2,no-free-ship,金额,<50,2.13 ,USD,
Armenia,Zone B2,no-free-ship,金额,<50,2.21 ,USD,
Albania,Zone B2,no-free-ship,金额,<50,2.06 ,USD,
Uzbekistan,Zone B2,no-free-ship,金额,<100,3.97 ,USD,
Tunisia,Zone B2,no-free-ship,金额,<100,3.24 ,USD,
Tajikistan,Zone B2,no-free-ship,金额,<100,1.32 ,USD,
Suriname,Zone B2,no-free-ship,金额,<100,4.41 ,USD,
Sri Lanka,Zone B2,no-free-ship,金额,<100,4.12 ,USD,
Philippines,Zone B2,no-free-ship,金额,<100,2.06 ,USD,
Paraguay,Zone B2,no-free-ship,金额,<100,4.26 ,USD,
Nicaragua,Zone B2,no-free-ship,金额,<100,3.97 ,USD,
Nepal,Zone B2,no-free-ship,金额,<100,3.24 ,USD,
Myanmar,Zone B2,no-free-ship,金额,<100,2.35 ,USD,
Morocco,Zone B2,no-free-ship,金额,<100,3.24 ,USD,
Mongolia,Zone B2,no-free-ship,金额,<100,3.09 ,USD,
Moldova,Zone B2,no-free-ship,金额,<100,3.09 ,USD,
Maldives,Zone B2,no-free-ship,金额,<100,1.76 ,USD,
Macedonia,Zone B2,no-free-ship,金额,<100,3.53 ,USD,
Lebanon,Zone B2,no-free-ship,金额,<100,3.09 ,USD,
Laos,Zone B2,no-free-ship,金额,<100,3.38 ,USD,
Kyrgyzstan,Zone B2,no-free-ship,金额,<100,1.32 ,USD,
Kazakhstan,Zone B2,no-free-ship,金额,<100,1.47 ,USD,
Indonesia,Zone B2,no-free-ship,金额,<100,2.35 ,USD,
India,Zone B2,no-free-ship,金额,<100,3.09 ,USD,
Honduras,Zone B2,no-free-ship,金额,<100,4.26 ,USD,
Guatemala,Zone B2,no-free-ship,金额,<100,4.85 ,USD,
El Salvador,Zone B2,no-free-ship,金额,<100,3.97 ,USD,
Egypt,Zone B2,no-free-ship,金额,<100,2.94 ,USD,
Ecuador,Zone B2,no-free-ship,金额,<100,4.41 ,USD,
Dominican Republic,Zone B2,no-free-ship,金额,<100,3.82 ,USD,
Colombia,Zone B2,no-free-ship,金额,<100,3.82 ,USD,
Cambodia,Zone B2,no-free-ship,金额,<100,1.76 ,USD,
Brunei Darussalam,Zone B2,no-free-ship,金额,<100,2.94 ,USD,
Bosnia And Herzegovina,Zone B2,no-free-ship,金额,<100,4.71 ,USD,
Bolivia,Zone B2,no-free-ship,金额,<100,4.41 ,USD,
Belize,Zone B2,no-free-ship,金额,<100,4.26 ,USD,
Bangladesh,Zone B2,no-free-ship,金额,<100,3.09 ,USD,
Azerbaijan,Zone B2,no-free-ship,金额,<100,3.24 ,USD,
Armenia,Zone B2,no-free-ship,金额,<100,3.53 ,USD,
Albania,Zone B2,no-free-ship,金额,<100,3.24 ,USD,
Indonesia,Zone B2,small-light,购买数量区间,<99,25.00 ,USD,
Albania,Zone B2,small-light,购买数量区间,<99,25.00 ,USD,
Armenia,Zone B2,small-light,购买数量区间,<99,25.00 ,USD,
Azerbaijan,Zone B2,small-light,购买数量区间,<99,25.00 ,USD,
Bangladesh,Zone B2,small-light,购买数量区间,<99,25.00 ,USD,
Belize,Zone B2,small-light,购买数量区间,<99,25.00 ,USD,
Bolivia,Zone B2,small-light,购买数量区间,<99,25.00 ,USD,
Bosnia And Herzegovina,Zone B2,small-light,购买数量区间,<99,25.00 ,USD,
Brunei Darussalam,Zone B2,small-light,购买数量区间,<99,25.00 ,USD,
Cambodia,Zone B2,small-light,购买数量区间,<99,25.00 ,USD,
Colombia,Zone B2,small-light,购买数量区间,<99,25.00 ,USD,
Dominican Republic,Zone B2,small-light,购买数量区间,<99,25.00 ,USD,
Ecuador,Zone B2,small-light,购买数量区间,<99,25.00 ,USD,
Egypt,Zone B2,small-light,购买数量区间,<99,25.00 ,USD,
El Salvador,Zone B2,small-light,购买数量区间,<99,25.00 ,USD,
Guatemala,Zone B2,small-light,购买数量区间,<99,25.00 ,USD,
Honduras,Zone B2,small-light,购买数量区间,<99,25.00 ,USD,
India,Zone B2,small-light,购买数量区间,<99,25.00 ,USD,
Kazakhstan,Zone B2,small-light,购买数量区间,<99,25.00 ,USD,
Kyrgyzstan,Zone B2,small-light,购买数量区间,<99,25.00 ,USD,
Laos,Zone B2,small-light,购买数量区间,<99,25.00 ,USD,
Lebanon,Zone B2,small-light,购买数量区间,<99,25.00 ,USD,
Macedonia,Zone B2,small-light,购买数量区间,<99,25.00 ,USD,
Maldives,Zone B2,small-light,购买数量区间,<99,25.00 ,USD,
Moldova,Zone B2,small-light,购买数量区间,<99,25.00 ,USD,
Mongolia,Zone B2,small-light,购买数量区间,<99,25.00 ,USD,
Morocco,Zone B2,small-light,购买数量区间,<99,25.00 ,USD,
Myanmar,Zone B2,small-light,购买数量区间,<99,25.00 ,USD,
Nepal,Zone B2,small-light,购买数量区间,<99,25.00 ,USD,
Nicaragua,Zone B2,small-light,购买数量区间,<99,25.00 ,USD,
Paraguay,Zone B2,small-light,购买数量区间,<99,25.00 ,USD,
Philippines,Zone B2,small-light,购买数量区间,<99,25.00 ,USD,
Sri Lanka,Zone B2,small-light,购买数量区间,<99,25.00 ,USD,
Suriname,Zone B2,small-light,购买数量区间,<99,25.00 ,USD,
Tajikistan,Zone B2,small-light,购买数量区间,<99,25.00 ,USD,
Tunisia,Zone B2,small-light,购买数量区间,<99,25.00 ,USD,
Uzbekistan,Zone B2,small-light,购买数量区间,<99,25.00 ,USD,
Indonesia,Zone B2,small-light,购买数量区间,<199,15.00 ,USD,
Albania,Zone B2,small-light,购买数量区间,<199,15.00 ,USD,
Armenia,Zone B2,small-light,购买数量区间,<199,15.00 ,USD,
Azerbaijan,Zone B2,small-light,购买数量区间,<199,15.00 ,USD,
Bangladesh,Zone B2,small-light,购买数量区间,<199,15.00 ,USD,
Belize,Zone B2,small-light,购买数量区间,<199,15.00 ,USD,
Bolivia,Zone B2,small-light,购买数量区间,<199,15.00 ,USD,
Bosnia And Herzegovina,Zone B2,small-light,购买数量区间,<199,15.00 ,USD,
Brunei Darussalam,Zone B2,small-light,购买数量区间,<199,15.00 ,USD,
Cambodia,Zone B2,small-light,购买数量区间,<199,15.00 ,USD,
Colombia,Zone B2,small-light,购买数量区间,<199,15.00 ,USD,
Dominican Republic,Zone B2,small-light,购买数量区间,<199,15.00 ,USD,
Ecuador,Zone B2,small-light,购买数量区间,<199,15.00 ,USD,
Egypt,Zone B2,small-light,购买数量区间,<199,15.00 ,USD,
El Salvador,Zone B2,small-light,购买数量区间,<199,15.00 ,USD,
Guatemala,Zone B2,small-light,购买数量区间,<199,15.00 ,USD,
Honduras,Zone B2,small-light,购买数量区间,<199,15.00 ,USD,
India,Zone B2,small-light,购买数量区间,<199,15.00 ,USD,
Kazakhstan,Zone B2,small-light,购买数量区间,<199,15.00 ,USD,
Kyrgyzstan,Zone B2,small-light,购买数量区间,<199,15.00 ,USD,
Laos,Zone B2,small-light,购买数量区间,<199,15.00 ,USD,
Lebanon,Zone B2,small-light,购买数量区间,<199,15.00 ,USD,
Macedonia,Zone B2,small-light,购买数量区间,<199,15.00 ,USD,
Maldives,Zone B2,small-light,购买数量区间,<199,15.00 ,USD,
Moldova,Zone B2,small-light,购买数量区间,<199,15.00 ,USD,
Mongolia,Zone B2,small-light,购买数量区间,<199,15.00 ,USD,
Morocco,Zone B2,small-light,购买数量区间,<199,15.00 ,USD,
Myanmar,Zone B2,small-light,购买数量区间,<199,15.00 ,USD,
Nepal,Zone B2,small-light,购买数量区间,<199,15.00 ,USD,
Nicaragua,Zone B2,small-light,购买数量区间,<199,15.00 ,USD,
Paraguay,Zone B2,small-light,购买数量区间,<199,15.00 ,USD,
Philippines,Zone B2,small-light,购买数量区间,<199,15.00 ,USD,
Sri Lanka,Zone B2,small-light,购买数量区间,<199,15.00 ,USD,
Suriname,Zone B2,small-light,购买数量区间,<199,15.00 ,USD,
Tajikistan,Zone B2,small-light,购买数量区间,<199,15.00 ,USD,
Tunisia,Zone B2,small-light,购买数量区间,<199,15.00 ,USD,
Uzbekistan,Zone B2,small-light,购买数量区间,<199,15.00 ,USD,
Indonesia,Zone B2,small-light,购买数量区间,>199,0.00 ,USD,
Albania,Zone B2,small-light,购买数量区间,>199,0.00 ,USD,
Armenia,Zone B2,small-light,购买数量区间,>199,0.00 ,USD,
Azerbaijan,Zone B2,small-light,购买数量区间,>199,0.00 ,USD,
Bangladesh,Zone B2,small-light,购买数量区间,>199,0.00 ,USD,
Belize,Zone B2,small-light,购买数量区间,>199,0.00 ,USD,
Bolivia,Zone B2,small-light,购买数量区间,>199,0.00 ,USD,
Bosnia And Herzegovina,Zone B2,small-light,购买数量区间,>199,0.00 ,USD,
Brunei Darussalam,Zone B2,small-light,购买数量区间,>199,0.00 ,USD,
Cambodia,Zone B2,small-light,购买数量区间,>199,0.00 ,USD,
Colombia,Zone B2,small-light,购买数量区间,>199,0.00 ,USD,
Dominican Republic,Zone B2,small-light,购买数量区间,>199,0.00 ,USD,
Ecuador,Zone B2,small-light,购买数量区间,>199,0.00 ,USD,
Egypt,Zone B2,small-light,购买数量区间,>199,0.00 ,USD,
El Salvador,Zone B2,small-light,购买数量区间,>199,0.00 ,USD,
Guatemala,Zone B2,small-light,购买数量区间,>199,0.00 ,USD,
Honduras,Zone B2,small-light,购买数量区间,>199,0.00 ,USD,
India,Zone B2,small-light,购买数量区间,>199,0.00 ,USD,
Kazakhstan,Zone B2,small-light,购买数量区间,>199,0.00 ,USD,
Kyrgyzstan,Zone B2,small-light,购买数量区间,>199,0.00 ,USD,
Laos,Zone B2,small-light,购买数量区间,>199,0.00 ,USD,
Lebanon,Zone B2,small-light,购买数量区间,>199,0.00 ,USD,
Macedonia,Zone B2,small-light,购买数量区间,>199,0.00 ,USD,
Maldives,Zone B2,small-light,购买数量区间,>199,0.00 ,USD,
Moldova,Zone B2,small-light,购买数量区间,>199,0.00 ,USD,
Mongolia,Zone B2,small-light,购买数量区间,>199,0.00 ,USD,
Morocco,Zone B2,small-light,购买数量区间,>199,0.00 ,USD,
Myanmar,Zone B2,small-light,购买数量区间,>199,0.00 ,USD,
Nepal,Zone B2,small-light,购买数量区间,>199,0.00 ,USD,
Nicaragua,Zone B2,small-light,购买数量区间,>199,0.00 ,USD,
Paraguay,Zone B2,small-light,购买数量区间,>199,0.00 ,USD,
Philippines,Zone B2,small-light,购买数量区间,>199,0.00 ,USD,
Sri Lanka,Zone B2,small-light,购买数量区间,>199,0.00 ,USD,
Suriname,Zone B2,small-light,购买数量区间,>199,0.00 ,USD,
Tajikistan,Zone B2,small-light,购买数量区间,>199,0.00 ,USD,
Tunisia,Zone B2,small-light,购买数量区间,>199,0.00 ,USD,
Uzbekistan,Zone B2,small-light,购买数量区间,>199,0.00 ,USD,
Zimbabwe,Zone C,no-free-ship,金额,<500,8.97 ,USD,
Venezuela,Zone C,no-free-ship,金额,<500,15.00 ,USD,
Ukraine,Zone C,no-free-ship,金额,<500,8.38 ,USD,
Uganda,Zone C,no-free-ship,金额,<500,12.06 ,USD,
Tanzania,Zone C,no-free-ship,金额,<500,12.79 ,USD,
Sudan,Zone C,no-free-ship,金额,<500,14.26 ,USD,
South Africa,Zone C,no-free-ship,金额,<500,12.94 ,USD,
Somalia,Zone C,no-free-ship,金额,<500,17.35 ,USD,
Russia,Zone C,no-free-ship,金额,<500,5.00 ,USD,
Peru,Zone C,no-free-ship,金额,<500,17.21 ,USD,
Pakistan,Zone C,no-free-ship,金额,<500,3.97 ,USD,
Nigeria,Zone C,no-free-ship,金额,<500,13.53 ,USD,
Mozambique,Zone C,no-free-ship,金额,<500,14.26 ,USD,
Madagascar,Zone C,no-free-ship,金额,<500,15.74 ,USD,
Libya,Zone C,no-free-ship,金额,<500,14.56 ,USD,
Kenya,Zone C,no-free-ship,金额,<500,12.06 ,USD,
Iraq,Zone C,no-free-ship,金额,<500,12.06 ,USD,
Iran,Zone C,no-free-ship,金额,<500,12.06 ,USD,
Ghana,Zone C,no-free-ship,金额,<500,15.00 ,USD,
Ethiopia,Zone C,no-free-ship,金额,<500,12.06 ,USD,
Cuba,Zone C,no-free-ship,金额,<500,15.00 ,USD,
Congo (REP. OF),Zone C,no-free-ship,金额,<500,13.53 ,USD,
Congo (DEM. REP. OF),Zone C,no-free-ship,金额,<500,17.35 ,USD,
Chile,Zone C,no-free-ship,金额,<500,7.65 ,USD,
Cameroon,Zone C,no-free-ship,金额,<500,13.82 ,USD,
Brazil,Zone C,no-free-ship,金额,<500,10.59 ,USD,
Belarus,Zone C,no-free-ship,金额,<500,16.62 ,USD,
Argentina,Zone C,no-free-ship,金额,<500,17.21 ,USD,
Angola,Zone C,no-free-ship,金额,<500,14.26 ,USD,
Afghanistan,Zone C,no-free-ship,金额,<500,14.41 ,USD,
Zimbabwe,Zone C,no-free-ship,金额,<50,2.35 ,USD,
Venezuela,Zone C,no-free-ship,金额,<50,2.43 ,USD,
Ukraine,Zone C,no-free-ship,金额,<50,1.76 ,USD,
Uganda,Zone C,no-free-ship,金额,<50,2.13 ,USD,
Tanzania,Zone C,no-free-ship,金额,<50,2.21 ,USD,
Sudan,Zone C,no-free-ship,金额,<50,3.01 ,USD,
South Africa,Zone C,no-free-ship,金额,<50,4.34 ,USD,
Somalia,Zone C,no-free-ship,金额,<50,2.79 ,USD,
Russia,Zone C,no-free-ship,金额,<50,2.35 ,USD,
Peru,Zone C,no-free-ship,金额,<50,2.65 ,USD,
Pakistan,Zone C,no-free-ship,金额,<50,1.32 ,USD,
Nigeria,Zone C,no-free-ship,金额,<50,2.28 ,USD,
Mozambique,Zone C,no-free-ship,金额,<50,2.35 ,USD,
Madagascar,Zone C,no-free-ship,金额,<50,2.50 ,USD,
Libya,Zone C,no-free-ship,金额,<50,3.31 ,USD,
Kenya,Zone C,no-free-ship,金额,<50,2.13 ,USD,
Iraq,Zone C,no-free-ship,金额,<50,2.13 ,USD,
Iran,Zone C,no-free-ship,金额,<50,2.13 ,USD,
Ghana,Zone C,no-free-ship,金额,<50,2.43 ,USD,
Ethiopia,Zone C,no-free-ship,金额,<50,2.13 ,USD,
Cuba,Zone C,no-free-ship,金额,<50,2.43 ,USD,
Congo (REP. OF),Zone C,no-free-ship,金额,<50,2.28 ,USD,
Congo (DEM. REP. OF),Zone C,no-free-ship,金额,<50,2.79 ,USD,
Chile,Zone C,no-free-ship,金额,<50,2.35 ,USD,
Cameroon,Zone C,no-free-ship,金额,<50,3.24 ,USD,
Brazil,Zone C,no-free-ship,金额,<50,5.29 ,USD,
Belarus,Zone C,no-free-ship,金额,<50,3.38 ,USD,
Argentina,Zone C,no-free-ship,金额,<50,2.65 ,USD,
Angola,Zone C,no-free-ship,金额,<50,2.35 ,USD,
Afghanistan,Zone C,no-free-ship,金额,<50,2.50 ,USD,
Zimbabwe,Zone C,no-free-ship,金额,<100,3.09 ,USD,
Venezuela,Zone C,no-free-ship,金额,<100,3.82 ,USD,
Ukraine,Zone C,no-free-ship,金额,<100,2.50 ,USD,
Uganda,Zone C,no-free-ship,金额,<100,3.24 ,USD,
Tanzania,Zone C,no-free-ship,金额,<100,3.38 ,USD,
Sudan,Zone C,no-free-ship,金额,<100,4.26 ,USD,
South Africa,Zone C,no-free-ship,金额,<100,5.29 ,USD,
Somalia,Zone C,no-free-ship,金额,<100,4.41 ,USD,
Russia,Zone C,no-free-ship,金额,<100,2.65 ,USD,
Peru,Zone C,no-free-ship,金额,<100,4.26 ,USD,
Pakistan,Zone C,no-free-ship,金额,<100,1.62 ,USD,
Nigeria,Zone C,no-free-ship,金额,<100,3.53 ,USD,
Mozambique,Zone C,no-free-ship,金额,<100,3.68 ,USD,
Madagascar,Zone C,no-free-ship,金额,<100,3.97 ,USD,
Libya,Zone C,no-free-ship,金额,<100,4.56 ,USD,
Kenya,Zone C,no-free-ship,金额,<100,3.24 ,USD,
Iraq,Zone C,no-free-ship,金额,<100,3.24 ,USD,
Iran,Zone C,no-free-ship,金额,<100,3.24 ,USD,
Ghana,Zone C,no-free-ship,金额,<100,3.82 ,USD,
Ethiopia,Zone C,no-free-ship,金额,<100,3.24 ,USD,
Cuba,Zone C,no-free-ship,金额,<100,3.82 ,USD,
Congo (REP. OF),Zone C,no-free-ship,金额,<100,3.53 ,USD,
Congo (DEM. REP. OF),Zone C,no-free-ship,金额,<100,4.41 ,USD,
Chile,Zone C,no-free-ship,金额,<100,2.94 ,USD,
Cameroon,Zone C,no-free-ship,金额,<100,4.41 ,USD,
Brazil,Zone C,no-free-ship,金额,<100,5.88 ,USD,
Belarus,Zone C,no-free-ship,金额,<100,4.85 ,USD,
Argentina,Zone C,no-free-ship,金额,<100,4.26 ,USD,
Angola,Zone C,no-free-ship,金额,<100,3.68 ,USD,
Afghanistan,Zone C,no-free-ship,金额,<100,3.82 ,USD,
Zimbabwe,Zone C,no-free-ship,金额,<300,6.03 ,USD,
Venezuela,Zone C,no-free-ship,金额,<300,9.41 ,USD,
Ukraine,Zone C,no-free-ship,金额,<300,5.44 ,USD,
Uganda,Zone C,no-free-ship,金额,<300,7.65 ,USD,
Tanzania,Zone C,no-free-ship,金额,<300,8.09 ,USD,
Sudan,Zone C,no-free-ship,金额,<300,9.26 ,USD,
South Africa,Zone C,no-free-ship,金额,<300,9.12 ,USD,
Somalia,Zone C,no-free-ship,金额,<300,10.88 ,USD,
Russia,Zone C,no-free-ship,金额,<300,3.82 ,USD,
Peru,Zone C,no-free-ship,金额,<300,10.74 ,USD,
Pakistan,Zone C,no-free-ship,金额,<300,2.79 ,USD,
Nigeria,Zone C,no-free-ship,金额,<300,8.53 ,USD,
Mozambique,Zone C,no-free-ship,金额,<300,8.97 ,USD,
Madagascar,Zone C,no-free-ship,金额,<300,9.85 ,USD,
Libya,Zone C,no-free-ship,金额,<300,9.56 ,USD,
Kenya,Zone C,no-free-ship,金额,<300,7.65 ,USD,
Iraq,Zone C,no-free-ship,金额,<300,7.65 ,USD,
Iran,Zone C,no-free-ship,金额,<300,7.65 ,USD,
Ghana,Zone C,no-free-ship,金额,<300,9.41 ,USD,
Ethiopia,Zone C,no-free-ship,金额,<300,7.65 ,USD,
Cuba,Zone C,no-free-ship,金额,<300,9.41 ,USD,
Congo (REP. OF),Zone C,no-free-ship,金额,<300,8.53 ,USD,
Congo (DEM. REP. OF),Zone C,no-free-ship,金额,<300,10.88 ,USD,
Chile,Zone C,no-free-ship,金额,<300,5.29 ,USD,
Cameroon,Zone C,no-free-ship,金额,<300,9.12 ,USD,
Brazil,Zone C,no-free-ship,金额,<300,8.24 ,USD,
Belarus,Zone C,no-free-ship,金额,<300,10.74 ,USD,
Argentina,Zone C,no-free-ship,金额,<300,10.74 ,USD,
Angola,Zone C,no-free-ship,金额,<300,8.97 ,USD,
Afghanistan,Zone C,no-free-ship,金额,<300,9.12 ,USD,
Zimbabwe,Zone C,no-free-ship,重量,<2000,31.03 ,USD,
Zimbabwe,Zone C,no-free-ship,每增加基础计费,>2000,31.03+ceil((重量-2000)/10)*1.76,USD,
Venezuela,Zone C,no-free-ship,重量,<2000,56.91 ,USD,
Venezuela,Zone C,no-free-ship,每增加基础计费,>2000,56.91+ceil((重量-2000)/10)*1.31,USD,
Ukraine,Zone C,no-free-ship,重量,<2000,30.44 ,USD,
Ukraine,Zone C,no-free-ship,每增加基础计费,>2000,30.44+ceil((重量-2000)/10)*1.18,USD,
Uganda,Zone C,no-free-ship,重量,<2000,45.15 ,USD,
Uganda,Zone C,no-free-ship,每增加基础计费,>2000,45.15+ceil((重量-2000)/10)*1.25,USD,
Tanzania,Zone C,no-free-ship,重量,<2000,48.09 ,USD,
Tanzania,Zone C,no-free-ship,每增加基础计费,>2000,48.09+ceil((重量-2000)/10)*1.26,USD,
Sudan,Zone C,no-free-ship,重量,<2000,51.76 ,USD,
Sudan,Zone C,no-free-ship,每增加基础计费,>2000,51.76+ceil((重量-2000)/10)*2.01,USD,
South Africa,Zone C,no-free-ship,重量,<2000,41.62 ,USD,
South Africa,Zone C,no-free-ship,每增加基础计费,>2000,41.62+ceil((重量-2000)/10)*3.57,USD,
Somalia,Zone C,no-free-ship,重量,<2000,65.88 ,USD,
Somalia,Zone C,no-free-ship,每增加基础计费,>2000,65.88+ceil((重量-2000)/10)*1.5,USD,
Russia,Zone C,no-free-ship,重量,<2000,13.82 ,USD,
Russia,Zone C,no-free-ship,每增加基础计费,>2000,13.82+ceil((重量-2000)/10)*2.12,USD,
Peru,Zone C,no-free-ship,重量,<2000,65.74 ,USD,
Peru,Zone C,no-free-ship,每增加基础计费,>2000,65.74+ceil((重量-2000)/10)*1.35,USD,
Pakistan,Zone C,no-free-ship,重量,<2000,12.79 ,USD,
Pakistan,Zone C,no-free-ship,每增加基础计费,>2000,12.79+ceil((重量-2000)/10)*1.09,USD,
Nigeria,Zone C,no-free-ship,重量,<2000,51.03 ,USD,
Nigeria,Zone C,no-free-ship,每增加基础计费,>2000,51.03+ceil((重量-2000)/10)*1.28,USD,
Mozambique,Zone C,no-free-ship,重量,<2000,53.97 ,USD,
Mozambique,Zone C,no-free-ship,每增加基础计费,>2000,53.97+ceil((重量-2000)/10)*1.29,USD,
Madagascar,Zone C,no-free-ship,重量,<2000,59.85 ,USD,
Madagascar,Zone C,no-free-ship,每增加基础计费,>2000,59.85+ceil((重量-2000)/10)*1.32,USD,
Libya,Zone C,no-free-ship,重量,<2000,52.06 ,USD,
Libya,Zone C,no-free-ship,每增加基础计费,>2000,52.09+ceil((重量-2000)/10)*2.31,USD,
Zambia,Rest of World,no-free-ship,金额,<100,3.38 ,USD,
Wallis And Futuna Islands,Rest of World,no-free-ship,金额,<100,6.47 ,USD,
Vanuatu,Rest of World,no-free-ship,金额,<100,5.29 ,USD,
United States Virgin Islands,Rest of World,no-free-ship,金额,<100,7.65 ,USD,
Tuvalu,Rest of World,no-free-ship,金额,<100,5.44 ,USD,
Turks And Caicos Islands,Rest of World,no-free-ship,金额,<100,4.41 ,USD,
Tristan Da Cunha,Rest of World,no-free-ship,金额,<100,8.82 ,USD,
Trinidad and Tobago,Rest of World,no-free-ship,金额,<100,4.41 ,USD,
Tortola (British Virgin Islands),Rest of World,no-free-ship,金额,<100,3.68 ,USD,
Tonga,Rest of World,no-free-ship,金额,<100,5.15 ,USD,
Tokelau,Rest of World,no-free-ship,金额,<100,7.50 ,USD,
Togo,Rest of World,no-free-ship,金额,<100,4.56 ,USD,
Timor-leste,Rest of World,no-free-ship,金额,<100,8.82 ,USD,
Swaziland,Rest of World,no-free-ship,金额,<100,3.82 ,USD,
Solomon Islands,Rest of World,no-free-ship,金额,<100,3.82 ,USD,
Sint Maarteen,Rest of World,no-free-ship,金额,<100,4.41 ,USD,
Sierra Leone,Rest of World,no-free-ship,金额,<100,4.41 ,USD,
Seychelles,Rest of World,no-free-ship,金额,<100,2.94 ,USD,
Senegal,Rest of World,no-free-ship,金额,<100,3.38 ,USD,
Sao Tome and Principe,Rest of World,no-free-ship,金额,<100,4.41 ,USD,
San Marino,Rest of World,no-free-ship,金额,<100,5.15 ,USD,
"Samoa, Western",Rest of World,no-free-ship,金额,<100,5.88 ,USD,
Saint Vincent and The Grenadies,Rest of World,no-free-ship,金额,<100,4.26 ,USD,
Saint Pierre And Miquelon,Rest of World,no-free-ship,金额,<100,5.59 ,USD,
Saint Lucia,Rest of World,no-free-ship,金额,<100,3.68 ,USD,
Saint Kitts And Nevis,Rest of World,no-free-ship,金额,<100,4.26 ,USD,
Saint Helena,Rest of World,no-free-ship,金额,<100,5.59 ,USD,
Rwanda,Rest of World,no-free-ship,金额,<100,3.53 ,USD,
Reunion,Rest of World,no-free-ship,金额,<100,7.50 ,USD,
Pitcairn,Rest of World,no-free-ship,金额,<100,6.76 ,USD,
Papua New Guinea,Rest of World,no-free-ship,金额,<100,5.00 ,USD,
Palestine,Rest of World,no-free-ship,金额,<100,8.82 ,USD,
Northern Mariana Islands,Rest of World,no-free-ship,金额,<100,7.65 ,USD,
Norfolk Island,Rest of World,no-free-ship,金额,<100,4.85 ,USD,
Niue,Rest of World,no-free-ship,金额,<100,6.47 ,USD,
Niger,Rest of World,no-free-ship,金额,<100,4.41 ,USD,
New Caledonia,Rest of World,no-free-ship,金额,<100,5.00 ,USD,
Nauru,Rest of World,no-free-ship,金额,<100,6.76 ,USD,
Namibia,Rest of World,no-free-ship,金额,<100,4.71 ,USD,
Montserrat,Rest of World,no-free-ship,金额,<100,4.26 ,USD,
Martinique,Rest of World,no-free-ship,金额,<100,7.06 ,USD,
Marshall Islands,Rest of World,no-free-ship,金额,<100,7.35 ,USD,
Mali,Rest of World,no-free-ship,金额,<100,4.56 ,USD,
Malawi,Rest of World,no-free-ship,金额,<100,3.53 ,USD,
Liechtenstein,Rest of World,no-free-ship,金额,<100,6.32 ,USD,
Liberia,Rest of World,no-free-ship,金额,<100,4.12 ,USD,
Lesotho,Rest of World,no-free-ship,金额,<100,4.41 ,USD,
Kosovo,Rest of World,no-free-ship,金额,<100,4.12 ,USD,
Kiribati,Rest of World,no-free-ship,金额,<100,5.44 ,USD,
Jersey,Rest of World,no-free-ship,金额,<100,5.74 ,USD,
Jamaica,Rest of World,no-free-ship,金额,<100,3.68 ,USD,
Isle of Man,Rest of World,no-free-ship,金额,<100,5.74 ,USD,
Iceland,Rest of World,no-free-ship,金额,<100,5.44 ,USD,
Haiti,Rest of World,no-free-ship,金额,<100,4.26 ,USD,
Guinea,Rest of World,no-free-ship,金额,<100,4.26 ,USD,
Guernsey,Rest of World,no-free-ship,金额,<100,5.74 ,USD,
Guam,Rest of World,no-free-ship,金额,<100,7.94 ,USD,
Guadeloupe,Rest of World,no-free-ship,金额,<100,7.21 ,USD,
Grenada,Rest of World,no-free-ship,金额,<100,3.97 ,USD,
Greenland,Rest of World,no-free-ship,金额,<100,8.97 ,USD,
Gibraltar,Rest of World,no-free-ship,金额,<100,4.85 ,USD,
Gambia,Rest of World,no-free-ship,金额,<100,3.97 ,USD,
Gabon,Rest of World,no-free-ship,金额,<100,4.41 ,USD,
French Polynesia,Rest of World,no-free-ship,金额,<100,5.00 ,USD,
Fiji,Rest of World,no-free-ship,金额,<100,5.00 ,USD,
Faroe Islands,Rest of World,no-free-ship,金额,<100,8.24 ,USD,
Falkland Islands,Rest of World,no-free-ship,金额,<100,6.76 ,USD,
Eritrea,Rest of World,no-free-ship,金额,<100,3.97 ,USD,
Equatorial Guinea,Rest of World,no-free-ship,金额,<100,4.26 ,USD,
Dominica,Rest of World,no-free-ship,金额,<100,4.26 ,USD,
Djibouti,Rest of World,no-free-ship,金额,<100,4.41 ,USD,
Curacao,Rest of World,no-free-ship,金额,<100,3.97 ,USD,
Cote D'Ivoire,Rest of World,no-free-ship,金额,<100,3.53 ,USD,
Cook Islands,Rest of World,no-free-ship,金额,<100,8.82 ,USD,
Comoros,Rest of World,no-free-ship,金额,<100,4.41 ,USD,
Chad,Rest of World,no-free-ship,金额,<100,4.12 ,USD,
Central African Republic,Rest of World,no-free-ship,金额,<100,4.41 ,USD,
Cayman Islands,Rest of World,no-free-ship,金额,<100,3.97 ,USD,
Cape Verde,Rest of World,no-free-ship,金额,<100,4.41 ,USD,
Burundi,Rest of World,no-free-ship,金额,<100,3.97 ,USD,
Burkina Faso,Rest of World,no-free-ship,金额,<100,4.56 ,USD,
Botswana,Rest of World,no-free-ship,金额,<100,3.68 ,USD,
Bonaire,Rest of World,no-free-ship,金额,<100,4.41 ,USD,
Bhutan,Rest of World,no-free-ship,金额,<100,4.41 ,USD,
Bermuda,Rest of World,no-free-ship,金额,<100,3.68 ,USD,
Benin,Rest of World,no-free-ship,金额,<100,4.41 ,USD,
Barbados,Rest of World,no-free-ship,金额,<100,3.68 ,USD,
Bahamas,Rest of World,no-free-ship,金额,<100,3.82 ,USD,
Ascension Island,Rest of World,no-free-ship,金额,<100,5.88 ,USD,
Aruba,Rest of World,no-free-ship,金额,<100,4.56 ,USD,
Antigua and Barbuda,Rest of World,no-free-ship,金额,<100,3.53 ,USD,
Anguilla,Rest of World,no-free-ship,金额,<100,4.26 ,USD,
Andorra,Rest of World,no-free-ship,金额,<100,5.15 ,USD,
American Samoa,Rest of World,no-free-ship,金额,<100,7.50 ,USD,
Algeria,Rest of World,no-free-ship,金额,<100,3.53 ,USD,
Zambia,Rest of World,no-free-ship,每增加基础计费,>2000,48.09+ceil((重量-2000)/10)*1.26,USD,
Zambia,Rest of World,no-free-ship,重量,<2000,48.09 ,USD,
Wallis And Futuna Islands,Rest of World,no-free-ship,每增加基础计费,>2000,90.29+ceil((重量-2000)/10)*2.5,USD,
Wallis And Futuna Islands,Rest of World,no-free-ship,重量,<2000,90.29 ,USD,
Vanuatu,Rest of World,no-free-ship,每增加基础计费,>2000,69.56+ceil((重量-2000)/10)*2.25,USD,
Vanuatu,Rest of World,no-free-ship,重量,<2000,69.56 ,USD,
United States Virgin Islands,Rest of World,no-free-ship,每增加基础计费,>2000,46.76+ceil((重量-2000)/10)*5.79,USD,
United States Virgin Islands,Rest of World,no-free-ship,重量,<2000,46.76 ,USD,
Tuvalu,Rest of World,no-free-ship,每增加基础计费,>2000,80.88+ceil((重量-2000)/10)*1.87,USD,
Tuvalu,Rest of World,no-free-ship,重量,<2000,80.88 ,USD,
Turks And Caicos Islands,Rest of World,no-free-ship,每增加基础计费,>2000,65.88+ceil((重量-2000)/10)*1.5,USD,
Turks And Caicos Islands,Rest of World,no-free-ship,重量,<2000,65.88 ,USD,
Tristan Da Cunha,Rest of World,no-free-ship,每增加基础计费,>2000,137.35+ceil((重量-2000)/10)*2.74,USD,
Tristan Da Cunha,Rest of World,no-free-ship,重量,<2000,137.35 ,USD,
Trinidad and Tobago,Rest of World,no-free-ship,每增加基础计费,>2000,65.88+ceil((重量-2000)/10)*1.5,USD,
Trinidad and Tobago,Rest of World,no-free-ship,重量,<2000,65.88 ,USD,
Tortola (British Virgin Islands),Rest of World,no-free-ship,每增加基础计费,>2000,53.97+ceil((重量-2000)/10)*1.29,USD,
Tortola (British Virgin Islands),Rest of World,no-free-ship,重量,<2000,53.97 ,USD,
Tonga,Rest of World,no-free-ship,每增加基础计费,>2000,66.62+ceil((重量-2000)/10)*2.24,USD,
Tonga,Rest of World,no-free-ship,重量,<2000,66.62 ,USD,
Tokelau,Rest of World,no-free-ship,每增加基础计费,>2000,130.44+ceil((重量-2000)/10)*1.68,USD,
Tokelau,Rest of World,no-free-ship,重量,<2000,130.44 ,USD,
Togo,Rest of World,no-free-ship,每增加基础计费,>2000,52.06+ceil((重量-2000)/10)*2.31,USD,
Togo,Rest of World,no-free-ship,重量,<2000,52.06 ,USD,
Timor-leste,Rest of World,no-free-ship,每增加基础计费,>2000,137.35+ceil((重量-2000)/10)*2.74,USD,
Timor-leste,Rest of World,no-free-ship,重量,<2000,137.35 ,USD,
Swaziland,Rest of World,no-free-ship,每增加基础计费,>2000,51.32+ceil((重量-2000)/10)*1.57,USD,
Swaziland,Rest of World,no-free-ship,重量,<2000,51.32 ,USD,
Solomon Islands,Rest of World,no-free-ship,每增加基础计费,>2000,48.53+ceil((重量-2000)/10)*1.71,USD,
Solomon Islands,Rest of World,no-free-ship,重量,<2000,48.53 ,USD,
Sint Maarteen,Rest of World,no-free-ship,每增加基础计费,>2000,65.88+ceil((重量-2000)/10)*1.5,USD,
Sint Maarteen,Rest of World,no-free-ship,重量,<2000,65.88 ,USD,
Sierra Leone,Rest of World,no-free-ship,每增加基础计费,>2000,65.88+ceil((重量-2000)/10)*1.5,USD,
Sierra Leone,Rest of World,no-free-ship,重量,<2000,65.88 ,USD,
Seychelles,Rest of World,no-free-ship,每增加基础计费,>2000,42.06+ceil((重量-2000)/10)*1.09,USD,
Seychelles,Rest of World,no-free-ship,重量,<2000,42.06 ,USD,
Senegal,Rest of World,no-free-ship,每增加基础计费,>2000,48.09+ceil((重量-2000)/10)*1.26,USD,
Senegal,Rest of World,no-free-ship,重量,<2000,48.09 ,USD,
Sao Tome and Principe,Rest of World,no-free-ship,每增加基础计费,>2000,65.88+ceil((重量-2000)/10)*1.5,USD,
Sao Tome and Principe,Rest of World,no-free-ship,重量,<2000,65.88 ,USD,
San Marino,Rest of World,no-free-ship,每增加基础计费,>2000,63.82+ceil((重量-2000)/10)*2.38,USD,
San Marino,Rest of World,no-free-ship,重量,<2000,63.82 ,USD,
"Samoa, Western",Rest of World,no-free-ship,每增加基础计费,>2000,98.09+ceil((重量-2000)/10)*1.51,USD,
"Samoa, Western",Rest of World,no-free-ship,重量,<2000,98.09 ,USD,
Saint Vincent and The Grenadies,Rest of World,no-free-ship,每增加基础计费,>2000,62.94+ceil((重量-2000)/10)*1.49,USD,
Saint Vincent and The Grenadies,Rest of World,no-free-ship,重量,<2000,62.94 ,USD,
Saint Pierre And Miquelon,Rest of World,no-free-ship,每增加基础计费,>2000,53.09+ceil((重量-2000)/10)*3.34,USD,
Saint Pierre And Miquelon,Rest of World,no-free-ship,重量,<2000,53.09 ,USD,
Saint Lucia,Rest of World,no-free-ship,每增加基础计费,>2000,53.97+ceil((重量-2000)/10)*1.29,USD,
Saint Lucia,Rest of World,no-free-ship,重量,<2000,53.97 ,USD,
Saint Kitts And Nevis,Rest of World,no-free-ship,每增加基础计费,>2000,62.94+ceil((重量-2000)/10)*1.49,USD,
Saint Kitts And Nevis,Rest of World,no-free-ship,重量,<2000,62.94 ,USD,
Saint Helena,Rest of World,no-free-ship,每增加基础计费,>2000,55.88+ceil((重量-2000)/10)*3.21,USD,
Saint Helena,Rest of World,no-free-ship,重量,<2000,55.88 ,USD,
Rwanda,Rest of World,no-free-ship,每增加基础计费,>2000,51.03+ceil((重量-2000)/10)*1.28,USD,
Rwanda,Rest of World,no-free-ship,重量,<2000,51.03 ,USD,
Reunion,Rest of World,no-free-ship,每增加基础计费,>2000,49.41+ceil((重量-2000)/10)*5.51,USD,
Reunion,Rest of World,no-free-ship,重量,<2000,49.41 ,USD,
Pitcairn,Rest of World,no-free-ship,每增加基础计费,>2000,98.97+ceil((重量-2000)/10)*2.40,USD,
Pitcairn,Rest of World,no-free-ship,重量,<2000,98.97 ,USD,
Papua New Guinea,Rest of World,no-free-ship,每增加基础计费,>2000,77.65+ceil((重量-2000)/10)*1.56,USD,
Papua New Guinea,Rest of World,no-free-ship,重量,<2000,77.65 ,USD,
Palestine,Rest of World,no-free-ship,每增加基础计费,>2000,137.35+ceil((重量-2000)/10)*2.74,USD,
Palestine,Rest of World,no-free-ship,重量,<2000,137.35 ,USD,
Northern Mariana Islands,Rest of World,no-free-ship,每增加基础计费,>2000,46.76+ceil((重量-2000)/10)*5.79,USD,
Northern Mariana Islands,Rest of World,no-free-ship,重量,<2000,46.76 ,USD,
Norfolk Island,Rest of World,no-free-ship,每增加基础计费,>2000,77.5+ceil((重量-2000)/10)*1.41,USD,
Norfolk Island,Rest of World,no-free-ship,重量,<2000,77.50 ,USD,
Niue,Rest of World,no-free-ship,每增加基础计费,>2000,104.26+ceil((重量-2000)/10)*1.84,USD,
Niue,Rest of World,no-free-ship,重量,<2000,104.26 ,USD,
Niger,Rest of World,no-free-ship,每增加基础计费,>2000,49.12+ceil((重量-2000)/10)*2.29,USD,
Niger,Rest of World,no-free-ship,重量,<2000,49.12 ,USD,
New Caledonia,Rest of World,no-free-ship,每增加基础计费,>2000,77.65+ceil((重量-2000)/10)*1.56,USD,
New Caledonia,Rest of World,no-free-ship,重量,<2000,77.65 ,USD,
Nauru,Rest of World,no-free-ship,每增加基础计费,>2000,96.18+ceil((重量-2000)/10)*2.53,USD,
Nauru,Rest of World,no-free-ship,重量,<2000,96.18 ,USD,
Namibia,Rest of World,no-free-ship,每增加基础计费,>2000,55+ceil((重量-2000)/10)*2.32,USD,
Namibia,Rest of World,no-free-ship,重量,<2000,55.00 ,USD,
Montserrat,Rest of World,no-free-ship,每增加基础计费,>2000,62.94+ceil((重量-2000)/10)*1.49,USD,
Montserrat,Rest of World,no-free-ship,重量,<2000,62.94 ,USD,
Martinique,Rest of World,no-free-ship,每增加基础计费,>2000,51.76+ceil((重量-2000)/10)*4.94,USD,
Martinique,Rest of World,no-free-ship,重量,<2000,51.76 ,USD,
Marshall Islands,Rest of World,no-free-ship,每增加基础计费,>2000,43.68+ceil((重量-2000)/10)*5.63,USD,
Marshall Islands,Rest of World,no-free-ship,重量,<2000,43.68 ,USD,
Mali,Rest of World,no-free-ship,每增加基础计费,>2000,52.06+ceil((重量-2000)/10)*2.31,USD,
Mali,Rest of World,no-free-ship,重量,<2000,52.06 ,USD,
Malawi,Rest of World,no-free-ship,每增加基础计费,>2000,51.03+ceil((重量-2000)/10)*1.28,USD,
Malawi,Rest of World,no-free-ship,重量,<2000,51.03 ,USD,
Liechtenstein,Rest of World,no-free-ship,每增加基础计费,>2000,48.24+ceil((重量-2000)/10)*4.34,USD,
Liechtenstein,Rest of World,no-free-ship,重量,<2000,48.24 ,USD,
Liberia,Rest of World,no-free-ship,每增加基础计费,>2000,62.79+ceil((重量-2000)/10)*1.34,USD,
Liberia,Rest of World,no-free-ship,重量,<2000,62.79 ,USD,
Lesotho,Rest of World,no-free-ship,每增加基础计费,>2000,65.88+ceil((重量-2000)/10)*1.5,USD,
Lesotho,Rest of World,no-free-ship,重量,<2000,65.88 ,USD,
Kosovo,Rest of World,no-free-ship,每增加基础计费,>2000,51.62+ceil((重量-2000)/10)*1.87,USD,
Zimbabwe,Zone C,small-light,重量,<20,1.91 ,USD,
Venezuela,Zone C,small-light,重量,<20,1.59 ,USD,
Ukraine,Zone C,small-light,重量,<20,1.32 ,USD,
Uganda,Zone C,small-light,重量,<20,1.47 ,USD,
Tanzania,Zone C,small-light,重量,<20,1.50 ,USD,
Sudan,Zone C,small-light,重量,<20,2.26 ,USD,
South Africa,Zone C,small-light,重量,<20,3.76 ,USD,
Somalia,Zone C,small-light,重量,<20,1.82 ,USD,
Russia,Zone C,small-light,重量,<20,2.18 ,USD,
Peru,Zone C,small-light,重量,<20,1.68 ,USD,
Pakistan,Zone C,small-light,重量,<20,1.15 ,USD,
Nigeria,Zone C,small-light,重量,<20,1.53 ,USD,
Mozambique,Zone C,small-light,重量,<20,1.56 ,USD,
Madagascar,Zone C,small-light,重量,<20,1.62 ,USD,
Libya,Zone C,small-light,重量,<20,2.56 ,USD,
Kenya,Zone C,small-light,重量,<20,1.47 ,USD,
Iraq,Zone C,small-light,重量,<20,1.47 ,USD,
Iran,Zone C,small-light,重量,<20,1.47 ,USD,
Ghana,Zone C,small-light,重量,<20,1.59 ,USD,
Ethiopia,Zone C,small-light,重量,<20,1.47 ,USD,
Cuba,Zone C,small-light,重量,<20,1.59 ,USD,
Congo (REP. OF),Zone C,small-light,重量,<20,1.53 ,USD,
Congo (DEM. REP. OF),Zone C,small-light,重量,<20,1.82 ,USD,
Chile,Zone C,small-light,重量,<20,2.00 ,USD,
Cameroon,Zone C,small-light,重量,<20,2.53 ,USD,
Brazil,Zone C,small-light,重量,<20,4.94 ,USD,
Belarus,Zone C,small-light,重量,<20,2.50 ,USD,
Argentina,Zone C,small-light,重量,<20,1.68 ,USD,
Angola,Zone C,small-light,重量,<20,1.56 ,USD,
Afghanistan,Zone C,small-light,重量,<20,1.71 ,USD,
Zimbabwe,Zone C,small-light,金额,<50,2.35 ,USD,
Venezuela,Zone C,small-light,金额,<50,2.43 ,USD,
Ukraine,Zone C,small-light,金额,<50,1.76 ,USD,
Uganda,Zone C,small-light,金额,<50,2.13 ,USD,
Tanzania,Zone C,small-light,金额,<50,2.21 ,USD,
Sudan,Zone C,small-light,金额,<50,3.01 ,USD,
South Africa,Zone C,small-light,金额,<50,4.34 ,USD,
Somalia,Zone C,small-light,金额,<50,2.79 ,USD,
Russia,Zone C,small-light,金额,<50,2.35 ,USD,
Peru,Zone C,small-light,金额,<50,2.65 ,USD,
Pakistan,Zone C,small-light,金额,<50,1.32 ,USD,
Nigeria,Zone C,small-light,金额,<50,2.28 ,USD,
Mozambique,Zone C,small-light,金额,<50,2.35 ,USD,
Madagascar,Zone C,small-light,金额,<50,2.50 ,USD,
Libya,Zone C,small-light,金额,<50,3.31 ,USD,
Kenya,Zone C,small-light,金额,<50,2.13 ,USD,
Iraq,Zone C,small-light,金额,<50,2.13 ,USD,
Iran,Zone C,small-light,金额,<50,2.13 ,USD,
Ghana,Zone C,small-light,金额,<50,2.43 ,USD,
Ethiopia,Zone C,small-light,金额,<50,2.13 ,USD,
Cuba,Zone C,small-light,金额,<50,2.43 ,USD,
Congo (REP. OF),Zone C,small-light,金额,<50,2.28 ,USD,
Congo (DEM. REP. OF),Zone C,small-light,金额,<50,2.79 ,USD,
Chile,Zone C,small-light,金额,<50,2.35 ,USD,
Cameroon,Zone C,small-light,金额,<50,3.24 ,USD,
Brazil,Zone C,small-light,金额,<50,5.29 ,USD,
Belarus,Zone C,small-light,金额,<50,3.38 ,USD,
Argentina,Zone C,small-light,金额,<50,2.65 ,USD,
Angola,Zone C,small-light,金额,<50,2.35 ,USD,
Afghanistan,Zone C,small-light,金额,<50,2.50 ,USD,
Zimbabwe,Zone C,small-light,金额,<300,6.03 ,USD,
Venezuela,Zone C,small-light,金额,<300,9.41 ,USD,
Ukraine,Zone C,small-light,金额,<300,5.44 ,USD,
Uganda,Zone C,small-light,金额,<300,7.65 ,USD,
Tanzania,Zone C,small-light,金额,<300,8.09 ,USD,
Sudan,Zone C,small-light,金额,<300,9.26 ,USD,
South Africa,Zone C,small-light,金额,<300,9.12 ,USD,
Somalia,Zone C,small-light,金额,<300,10.88 ,USD,
Russia,Zone C,small-light,金额,<300,3.82 ,USD,
Peru,Zone C,small-light,金额,<300,10.74 ,USD,
Pakistan,Zone C,small-light,金额,<300,2.79 ,USD,
Nigeria,Zone C,small-light,金额,<300,8.53 ,USD,
Mozambique,Zone C,small-light,金额,<300,8.97 ,USD,
Madagascar,Zone C,small-light,金额,<300,9.85 ,USD,
Libya,Zone C,small-light,金额,<300,9.56 ,USD,
Kenya,Zone C,small-light,金额,<300,7.65 ,USD,
Iraq,Zone C,small-light,金额,<300,7.65 ,USD,
Iran,Zone C,small-light,金额,<300,7.65 ,USD,
Ghana,Zone C,small-light,金额,<300,9.41 ,USD,
Ethiopia,Zone C,small-light,金额,<300,7.65 ,USD,
Cuba,Zone C,small-light,金额,<300,9.41 ,USD,
Congo (REP. OF),Zone C,small-light,金额,<300,8.53 ,USD,
Congo (DEM. REP. OF),Zone C,small-light,金额,<300,10.88 ,USD,
Chile,Zone C,small-light,金额,<300,5.29 ,USD,
Cameroon,Zone C,small-light,金额,<300,9.12 ,USD,
Brazil,Zone C,small-light,金额,<300,8.24 ,USD,
Belarus,Zone C,small-light,金额,<300,10.74 ,USD,
Argentina,Zone C,small-light,金额,<300,10.74 ,USD,
Angola,Zone C,small-light,金额,<300,8.97 ,USD,
Afghanistan,Zone C,small-light,金额,<300,9.12 ,USD,
Zimbabwe,Zone C,small-light,金额,<100,3.09 ,USD,
Venezuela,Zone C,small-light,金额,<100,3.82 ,USD,
Ukraine,Zone C,small-light,金额,<100,2.50 ,USD,
Uganda,Zone C,small-light,金额,<100,3.24 ,USD,
Tanzania,Zone C,small-light,金额,<100,3.38 ,USD,
Sudan,Zone C,small-light,金额,<100,4.26 ,USD,
South Africa,Zone C,small-light,金额,<100,5.29 ,USD,
Somalia,Zone C,small-light,金额,<100,4.41 ,USD,
Russia,Zone C,small-light,金额,<100,2.65 ,USD,
Peru,Zone C,small-light,金额,<100,4.26 ,USD,
Pakistan,Zone C,small-light,金额,<100,1.62 ,USD,
Nigeria,Zone C,small-light,金额,<100,3.53 ,USD,
Mozambique,Zone C,small-light,金额,<100,3.68 ,USD,
Madagascar,Zone C,small-light,金额,<100,3.97 ,USD,
Libya,Zone C,small-light,金额,<100,4.56 ,USD,
Kenya,Zone C,small-light,金额,<100,3.24 ,USD,
Iraq,Zone C,small-light,金额,<100,3.24 ,USD,
Iran,Zone C,small-light,金额,<100,3.24 ,USD,
Ghana,Zone C,small-light,金额,<100,3.82 ,USD,
Ethiopia,Zone C,small-light,金额,<100,3.24 ,USD,
Cuba,Zone C,small-light,金额,<100,3.82 ,USD,
Congo (REP. OF),Zone C,small-light,金额,<100,3.53 ,USD,
Congo (DEM. REP. OF),Zone C,small-light,金额,<100,4.41 ,USD,
Chile,Zone C,small-light,金额,<100,2.94 ,USD,
Cameroon,Zone C,small-light,金额,<100,4.41 ,USD,
Brazil,Zone C,small-light,金额,<100,5.88 ,USD,
Belarus,Zone C,small-light,金额,<100,4.85 ,USD,
Argentina,Zone C,small-light,金额,<100,4.26 ,USD,
Angola,Zone C,small-light,金额,<100,3.68 ,USD,
Afghanistan,Zone C,small-light,金额,<100,3.82 ,USD,
Zambia,Rest of World,small-light,重量,<200,5.74 ,USD,
Wallis And Futuna Islands,Rest of World,small-light,重量,<200,10.88 ,USD,
Vanuatu,Rest of World,small-light,重量,<200,8.68 ,USD,
United States Virgin Islands,Rest of World,small-light,重量,<200,9.71 ,USD,
Tuvalu,Rest of World,small-light,重量,<200,9.41 ,USD,
Turks And Caicos Islands,Rest of World,small-light,重量,<200,7.65 ,USD,
Tristan Da Cunha,Rest of World,small-light,重量,<200,15.59 ,USD,
Trinidad and Tobago,Rest of World,small-light,重量,<200,7.65 ,USD,
Tortola (British Virgin Islands),Rest of World,small-light,重量,<200,6.32 ,USD,
Tonga,Rest of World,small-light,重量,<200,8.38 ,USD,
Tokelau,Rest of World,small-light,重量,<200,13.97 ,USD,
Togo,Rest of World,small-light,重量,<200,7.06 ,USD,
Timor-leste,Rest of World,small-light,重量,<200,15.59 ,USD,
Swaziland,Rest of World,small-light,重量,<200,6.32 ,USD,
Solomon Islands,Rest of World,small-light,重量,<200,6.18 ,USD,
Sint Maarteen,Rest of World,small-light,重量,<200,7.65 ,USD,
Sierra Leone,Rest of World,small-light,重量,<200,7.65 ,USD,
Seychelles,Rest of World,small-light,重量,<200,5.00 ,USD,
Senegal,Rest of World,small-light,重量,<200,5.74 ,USD,
Sao Tome and Principe,Rest of World,small-light,重量,<200,7.65 ,USD,
San Marino,Rest of World,small-light,重量,<200,8.24 ,USD,
"Samoa, Western",Rest of World,small-light,重量,<200,10.74 ,USD,
Saint Vincent and The Grenadies,Rest of World,small-light,重量,<200,7.35 ,USD,
Saint Pierre And Miquelon,Rest of World,small-light,重量,<200,8.09 ,USD,
Saint Lucia,Rest of World,small-light,重量,<200,6.32 ,USD,
Saint Kitts And Nevis,Rest of World,small-light,重量,<200,7.35 ,USD,
Saint Helena,Rest of World,small-light,重量,<200,8.24 ,USD,
Rwanda,Rest of World,small-light,重量,<200,6.03 ,USD,
Reunion,Rest of World,small-light,重量,<200,9.71 ,USD,
Pitcairn,Rest of World,small-light,重量,<100,6.76 ,USD,
Papua New Guinea,Rest of World,small-light,重量,<100,5.00 ,USD,
Palestine,Rest of World,small-light,重量,<100,8.82 ,USD,
Northern Mariana Islands,Rest of World,small-light,重量,<100,7.65 ,USD,
Norfolk Island,Rest of World,small-light,重量,<100,4.85 ,USD,
Niue,Rest of World,small-light,重量,<100,6.47 ,USD,
Niger,Rest of World,small-light,重量,<100,4.41 ,USD,
New Caledonia,Rest of World,small-light,重量,<100,5.00 ,USD,
Nauru,Rest of World,small-light,重量,<100,6.76 ,USD,
Namibia,Rest of World,small-light,重量,<100,4.71 ,USD,
Montserrat,Rest of World,small-light,重量,<100,4.26 ,USD,
Martinique,Rest of World,small-light,重量,<100,7.06 ,USD,
Marshall Islands,Rest of World,small-light,重量,<100,7.35 ,USD,
Mali,Rest of World,small-light,重量,<100,4.56 ,USD,
Malawi,Rest of World,small-light,重量,<100,3.53 ,USD,
Liechtenstein,Rest of World,small-light,重量,<100,6.32 ,USD,
Liberia,Rest of World,small-light,重量,<100,4.12 ,USD,
Lesotho,Rest of World,small-light,重量,<100,4.41 ,USD,
Kosovo,Rest of World,small-light,重量,<100,4.12 ,USD,
Kiribati,Rest of World,small-light,重量,<100,5.44 ,USD,
Jersey,Rest of World,small-light,重量,<100,5.74 ,USD,
Jamaica,Rest of World,small-light,重量,<100,3.68 ,USD,
Isle of Man,Rest of World,small-light,重量,<100,5.74 ,USD,
Iceland,Rest of World,small-light,重量,<100,5.44 ,USD,
Haiti,Rest of World,small-light,重量,<100,4.26 ,USD,
Guinea,Rest of World,small-light,重量,<100,4.26 ,USD,
Guernsey,Rest of World,small-light,重量,<100,5.74 ,USD,
Guam,Rest of World,small-light,重量,<100,7.94 ,USD,
Guadeloupe,Rest of World,small-light,重量,<100,7.21 ,USD,
Grenada,Rest of World,small-light,重量,<100,3.97 ,USD,
Greenland,Rest of World,small-light,重量,<100,8.97 ,USD,
Gibraltar,Rest of World,small-light,重量,<100,4.85 ,USD,
Gambia,Rest of World,small-light,重量,<100,3.97 ,USD,
Gabon,Rest of World,small-light,重量,<100,4.41 ,USD,
French Polynesia,Rest of World,small-light,重量,<100,5.00 ,USD,
Fiji,Rest of World,small-light,重量,<100,5.00 ,USD,
Faroe Islands,Rest of World,small-light,重量,<100,8.24 ,USD,
Falkland Islands,Rest of World,small-light,重量,<100,6.76 ,USD,
Eritrea,Rest of World,small-light,重量,<100,3.97 ,USD,
Equatorial Guinea,Rest of World,small-light,重量,<100,4.26 ,USD,
Dominica,Rest of World,small-light,重量,<100,4.26 ,USD,
Djibouti,Rest of World,small-light,重量,<100,4.41 ,USD,
Curacao,Rest of World,small-light,重量,<100,3.97 ,USD,
Cote D'Ivoire,Rest of World,small-light,重量,<100,3.53 ,USD,
Cook Islands,Rest of World,small-light,重量,<100,8.82 ,USD,
Comoros,Rest of World,small-light,重量,<100,4.41 ,USD,
Chad,Rest of World,small-light,重量,<100,4.12 ,USD,
Central African Republic,Rest of World,small-light,重量,<100,4.41 ,USD,
Cayman Islands,Rest of World,small-light,重量,<100,3.97 ,USD,
Cape Verde,Rest of World,small-light,重量,<100,4.41 ,USD,
Burundi,Rest of World,small-light,重量,<100,3.97 ,USD,
Burkina Faso,Rest of World,small-light,重量,<100,4.56 ,USD,
Botswana,Rest of World,small-light,重量,<100,3.68 ,USD,
Bonaire,Rest of World,small-light,重量,<100,4.41 ,USD,
Bhutan,Rest of World,small-light,重量,<100,4.41 ,USD,
Bermuda,Rest of World,small-light,重量,<100,3.68 ,USD,
Benin,Rest of World,small-light,重量,<100,4.41 ,USD,
Barbados,Rest of World,small-light,重量,<100,3.68 ,USD,
Bahamas,Rest of World,small-light,重量,<100,3.82 ,USD,
Ascension Island,Rest of World,small-light,重量,<100,5.88 ,USD,
Aruba,Rest of World,small-light,重量,<100,4.56 ,USD,
Antigua and Barbuda,Rest of World,small-light,重量,<100,3.53 ,USD,
Anguilla,Rest of World,small-light,重量,<100,4.26 ,USD,
Andorra,Rest of World,small-light,重量,<100,5.15 ,USD,
American Samoa,Rest of World,small-light,重量,<100,7.50 ,USD,
Algeria,Rest of World,small-light,重量,<100,3.53 ,USD,
Zambia,Rest of World,small-light,金额,<300,8.09 ,USD,
Wallis And Futuna Islands,Rest of World,small-light,金额,<300,15.29 ,USD,
Vanuatu,Rest of World,small-light,金额,<300,12.06 ,USD,
United States Virgin Islands,Rest of World,small-light,金额,<300,11.76 ,USD,
Tuvalu,Rest of World,small-light,金额,<300,13.38 ,USD,
Turks And Caicos Islands,Rest of World,small-light,金额,<300,10.88 ,USD,
Tristan Da Cunha,Rest of World,small-light,金额,<300,22.35 ,USD,
Trinidad and Tobago,Rest of World,small-light,金额,<300,10.88 ,USD,
Tortola (British Virgin Islands),Rest of World,small-light,金额,<300,8.97 ,USD,
Tonga,Rest of World,small-light,金额,<300,11.62 ,USD,
Tokelau,Rest of World,small-light,金额,<300,20.44 ,USD,
Togo,Rest of World,small-light,金额,<300,9.56 ,USD,
Timor-leste,Rest of World,small-light,金额,<300,22.35 ,USD,
Swaziland,Rest of World,small-light,金额,<300,8.82 ,USD,
Solomon Islands,Rest of World,small-light,金额,<300,8.53 ,USD,
Sint Maarteen,Rest of World,small-light,金额,<300,10.88 ,USD,
Sierra Leone,Rest of World,small-light,金额,<300,10.88 ,USD,
Seychelles,Rest of World,small-light,金额,<300,7.06 ,USD,
Senegal,Rest of World,small-light,金额,<300,8.09 ,USD,
Sao Tome and Principe,Rest of World,small-light,金额,<300,10.88 ,USD,
San Marino,Rest of World,small-light,金额,<300,11.32 ,USD,
"Samoa, Western",Rest of World,small-light,金额,<300,15.59 ,USD,
Saint Vincent and The Grenadies,Rest of World,small-light,金额,<300,10.44 ,USD,
Saint Pierre And Miquelon,Rest of World,small-light,金额,<300,10.59 ,USD,
Saint Lucia,Rest of World,small-light,金额,<300,8.97 ,USD,
Saint Kitts And Nevis,Rest of World,small-light,金额,<300,10.44 ,USD,
Saint Helena,Rest of World,small-light,金额,<300,10.88 ,USD,
Rwanda,Rest of World,small-light,金额,<300,8.53 ,USD,
Reunion,Rest of World,small-light,金额,<300,11.91 ,USD,
Pitcairn,Rest of World,small-light,金额,<300,16.47 ,USD,
Papua New Guinea,Rest of World,small-light,金额,<300,12.65 ,USD,
Palestine,Rest of World,small-light,金额,<300,22.35 ,USD,
Northern Mariana Islands,Rest of World,small-light,金额,<300,11.76 ,USD,
Norfolk Island,Rest of World,small-light,金额,<300,12.50 ,USD,
Niue,Rest of World,small-light,金额,<300,16.76 ,USD,
Niger,Rest of World,small-light,金额,<300,9.12 ,USD,
New Caledonia,Rest of World,small-light,金额,<300,12.65 ,USD,
Nauru,Rest of World,small-light,金额,<300,16.18 ,USD,
Namibia,Rest of World,small-light,金额,<300,10.00 ,USD,
Montserrat,Rest of World,small-light,金额,<300,10.44 ,USD,
Martinique,Rest of World,small-light,金额,<300,11.76 ,USD,
Marshall Islands,Rest of World,small-light,金额,<300,11.18 ,USD,
Mali,Rest of World,small-light,金额,<300,9.56 ,USD,
Malawi,Rest of World,small-light,金额,<300,8.53 ,USD,
Liechtenstein,Rest of World,small-light,金额,<300,10.74 ,USD,
Liberia,Rest of World,small-light,金额,<300,10.29 ,USD,
Lesotho,Rest of World,small-light,金额,<300,10.88 ,USD,
Kosovo,Rest of World,small-light,金额,<300,9.12 ,USD,
Kiribati,Rest of World,small-light,金额,<300,13.38 ,USD,
Jersey,Rest of World,small-light,金额,<300,7.50 ,USD,
Jamaica,Rest of World,small-light,金额,<300,8.97 ,USD,
Isle of Man,Rest of World,small-light,金额,<300,7.50 ,USD,
Iceland,Rest of World,small-light,金额,<300,8.09 ,USD,
Haiti,Rest of World,small-light,金额,<300,10.44 ,USD,
Guinea,Rest of World,small-light,金额,<300,9.26 ,USD,
Guernsey,Rest of World,small-light,金额,<300,7.50 ,USD,
Guam,Rest of World,small-light,金额,<300,12.06 ,USD,
Guadeloupe,Rest of World,small-light,金额,<300,11.32 ,USD,
Grenada,Rest of World,small-light,金额,<300,9.85 ,USD,
Greenland,Rest of World,small-light,金额,<300,17.50 ,USD,
Gibraltar,Rest of World,small-light,金额,<300,11.91 ,USD,
Gambia,Rest of World,small-light,金额,<300,9.85 ,USD,
Gabon,Rest of World,small-light,金额,<300,9.12 ,USD,
French Polynesia,Rest of World,small-light,金额,<300,12.65 ,USD,
Fiji,Rest of World,small-light,金额,<300,12.65 ,USD,
Faroe Islands,Rest of World,small-light,金额,<300,15.29 ,USD,
Falkland Islands,Rest of World,small-light,金额,<300,16.18 ,USD,
Eritrea,Rest of World,small-light,金额,<300,9.85 ,USD,
Equatorial Guinea,Rest of World,small-light,金额,<300,9.56 ,USD,
Dominica,Rest of World,small-light,金额,<300,10.44 ,USD,
Djibouti,Rest of World,small-light,金额,<300,10.88 ,USD,
Curacao,Rest of World,small-light,金额,<300,9.85 ,USD,
Cote D'Ivoire,Rest of World,small-light,金额,<300,8.53 ,USD,
Cook Islands,Rest of World,small-light,金额,<300,22.35 ,USD,
Comoros,Rest of World,small-light,金额,<300,9.12 ,USD,
Chad,Rest of World,small-light,金额,<300,10.29 ,USD,
Central African Republic,Rest of World,small-light,金额,<300,10.88 ,USD,
Cayman Islands,Rest of World,small-light,金额,<300,9.85 ,USD,
Cape Verde,Rest of World,small-light,金额,<300,10.88 ,USD,
Burundi,Rest of World,small-light,金额,<300,9.85 ,USD,
Burkina Faso,Rest of World,small-light,金额,<300,9.56 ,USD,
Botswana,Rest of World,small-light,金额,<300,8.97 ,USD,
Bonaire,Rest of World,small-light,金额,<300,10.88 ,USD,
Bhutan,Rest of World,small-light,金额,<300,7.35 ,USD,
Bermuda,Rest of World,small-light,金额,<300,8.97 ,USD,
Benin,Rest of World,small-light,金额,<300,9.41 ,USD,
Barbados,Rest of World,small-light,金额,<300,8.97 ,USD,
Bahamas,Rest of World,small-light,金额,<300,9.41 ,USD,
Ascension Island,Rest of World,small-light,金额,<300,11.76 ,USD,
Aruba,Rest of World,small-light,金额,<300,11.03 ,USD,
Antigua and Barbuda,Rest of World,small-light,金额,<300,8.53 ,USD,
Anguilla,Rest of World,small-light,金额,<300,10.44 ,USD,
Andorra,Rest of World,small-light,金额,<300,8.09 ,USD,
American Samoa,Rest of World,small-light,金额,<300,11.32 ,USD,
Algeria,Rest of World,small-light,金额,<300,8.82 ,USD,
Zambia,Rest of World,small-light,金额,<50,2.21 ,USD,
Wallis And Futuna Islands,Rest of World,small-light,金额,<50,4.26 ,USD,
Vanuatu,Rest of World,small-light,金额,<50,3.60 ,USD,
United States Virgin Islands,Rest of World,small-light,金额,<50,6.62 ,USD,
Tuvalu,Rest of World,small-light,金额,<50,3.46 ,USD,
Turks And Caicos Islands,Rest of World,small-light,金额,<50,2.79 ,USD,
Tristan Da Cunha,Rest of World,small-light,金额,<50,5.44 ,USD,
Trinidad and Tobago,Rest of World,small-light,金额,<50,2.79 ,USD,
Tortola (British Virgin Islands),Rest of World,small-light,金额,<50,2.35 ,USD,
Tonga,Rest of World,small-light,金额,<50,3.53 ,USD,
Tokelau,Rest of World,small-light,金额,<50,4.26 ,USD,
Togo,Rest of World,small-light,金额,<50,3.31 ,USD,
Timor-leste,Rest of World,small-light,金额,<50,5.44 ,USD,
Swaziland,Rest of World,small-light,金额,<50,2.57 ,USD,
Solomon Islands,Rest of World,small-light,金额,<50,2.65 ,USD,
Sint Maarteen,Rest of World,small-light,金额,<50,2.79 ,USD,
Sierra Leone,Rest of World,small-light,金额,<50,2.79 ,USD,
Seychelles,Rest of World,small-light,金额,<50,1.91 ,USD,
Senegal,Rest of World,small-light,金额,<50,2.21 ,USD,
Sao Tome and Principe,Rest of World,small-light,金额,<50,2.79 ,USD,
San Marino,Rest of World,small-light,金额,<50,3.60 ,USD,
"Samoa, Western",Rest of World,small-light,金额,<50,3.46 ,USD,
Saint Vincent and The Grenadies,Rest of World,small-light,金额,<50,2.72 ,USD,
Saint Pierre And Miquelon,Rest of World,small-light,金额,<50,4.34 ,USD,
Saint Lucia,Rest of World,small-light,金额,<50,2.35 ,USD,
Saint Kitts And Nevis,Rest of World,small-light,金额,<50,2.72 ,USD,
Saint Helena,Rest of World,small-light,金额,<50,4.26 ,USD,
Rwanda,Rest of World,small-light,金额,<50,2.28 ,USD,
Reunion,Rest of World,small-light,金额,<50,6.40 ,USD,
Pitcairn,Rest of World,small-light,金额,<50,4.34 ,USD,
Papua New Guinea,Rest of World,small-light,金额,<50,3.09 ,USD,
Palestine,Rest of World,small-light,金额,<50,5.44 ,USD,
Northern Mariana Islands,Rest of World,small-light,金额,<50,6.62 ,USD,
Norfolk Island,Rest of World,small-light,金额,<50,2.94 ,USD,
Niue,Rest of World,small-light,金额,<50,3.90 ,USD,
Niger,Rest of World,small-light,金额,<50,3.24 ,USD,
New Caledonia,Rest of World,small-light,金额,<50,3.09 ,USD,
Nauru,Rest of World,small-light,金额,<50,4.41 ,USD,
Namibia,Rest of World,small-light,金额,<50,3.38 ,USD,
Montserrat,Rest of World,small-light,金额,<50,2.72 ,USD,
Martinique,Rest of World,small-light,金额,<50,5.88 ,USD,
Marshall Islands,Rest of World,small-light,金额,<50,6.40 ,USD,
Mali,Rest of World,small-light,金额,<50,3.31 ,USD,
Malawi,Rest of World,small-light,金额,<50,2.28 ,USD,
Liechtenstein,Rest of World,small-light,金额,<50,5.22 ,USD,
Liberia,Rest of World,small-light,金额,<50,2.57 ,USD,
Lesotho,Rest of World,small-light,金额,<50,2.79 ,USD,
Kosovo,Rest of World,small-light,金额,<50,2.87 ,USD,
Kiribati,Rest of World,small-light,金额,<50,3.46 ,USD,
Jersey,Rest of World,small-light,金额,<50,5.29 ,USD,
Jamaica,Rest of World,small-light,金额,<50,2.35 ,USD,
Isle of Man,Rest of World,small-light,金额,<50,5.29 ,USD,
Iceland,Rest of World,small-light,金额,<50,4.78 ,USD,
Haiti,Rest of World,small-light,金额,<50,2.72 ,USD,
Guinea,Rest of World,small-light,金额,<50,3.01 ,USD,
Guernsey,Rest of World,small-light,金额,<50,5.29 ,USD,
Guam,Rest of World,small-light,金额,<50,6.91 ,USD,
Guadeloupe,Rest of World,small-light,金额,<50,6.18 ,USD,
Grenada,Rest of World,small-light,金额,<50,2.50 ,USD,
Greenland,Rest of World,small-light,金额,<50,6.84 ,USD,
Gibraltar,Rest of World,small-light,金额,<50,3.09 ,USD,
Gambia,Rest of World,small-light,金额,<50,2.50 ,USD,
Gabon,Rest of World,small-light,金额,<50,3.24 ,USD,
French Polynesia,Rest of World,small-light,金额,<50,3.09 ,USD,
Fiji,Rest of World,small-light,金额,<50,3.09 ,USD,
Faroe Islands,Rest of World,small-light,金额,<50,6.47 ,USD,
Falkland Islands,Rest of World,small-light,金额,<50,4.41 ,USD,
Eritrea,Rest of World,small-light,金额,<50,2.50 ,USD,
Equatorial Guinea,Rest of World,small-light,金额,<50,2.94 ,USD,
Dominica,Rest of World,small-light,金额,<50,2.72 ,USD,
Djibouti,Rest of World,small-light,金额,<50,2.79 ,USD,
Curacao,Rest of World,small-light,金额,<50,2.50 ,USD,
Cote D'Ivoire,Rest of World,small-light,金额,<50,2.28 ,USD,
Cook Islands,Rest of World,small-light,金额,<50,5.44 ,USD,
Comoros,Rest of World,small-light,金额,<50,3.24 ,USD,
Chad,Rest of World,small-light,金额,<50,2.57 ,USD,
Central African Republic,Rest of World,small-light,金额,<50,2.79 ,USD,
Cayman Islands,Rest of World,small-light,金额,<50,2.50 ,USD,
Cape Verde,Rest of World,small-light,金额,<50,2.79 ,USD,
Burundi,Rest of World,small-light,金额,<50,2.50 ,USD,
Burkina Faso,Rest of World,small-light,金额,<50,3.31 ,USD,
Botswana,Rest of World,small-light,金额,<50,2.35 ,USD,
Bonaire,Rest of World,small-light,金额,<50,2.79 ,USD,
Bhutan,Rest of World,small-light,金额,<50,3.68 ,USD,
Bermuda,Rest of World,small-light,金额,<50,2.35 ,USD,
Benin,Rest of World,small-light,金额,<50,3.16 ,USD,
Barbados,Rest of World,small-light,金额,<50,2.35 ,USD,
Bahamas,Rest of World,small-light,金额,<50,2.43 ,USD,
Ascension Island,Rest of World,small-light,金额,<50,4.41 ,USD,
Aruba,Rest of World,small-light,金额,<50,2.94 ,USD,
Antigua and Barbuda,Rest of World,small-light,金额,<50,2.28 ,USD,
Anguilla,Rest of World,small-light,金额,<50,2.72 ,USD,
Andorra,Rest of World,small-light,金额,<50,4.41 ,USD,
American Samoa,Rest of World,small-light,金额,<50,6.54 ,USD,
Algeria,Rest of World,small-light,金额,<50,2.21 ,USD,
Zambia,Rest of World,no-free-ship,金额,<500,12.79 ,USD,
Wallis And Futuna Islands,Rest of World,no-free-ship,金额,<500,24.12 ,USD,
Vanuatu,Rest of World,no-free-ship,金额,<500,18.82 ,USD,
United States Virgin Islands,Rest of World,no-free-ship,金额,<500,15.88 ,USD,
Tuvalu,Rest of World,no-free-ship,金额,<500,21.32 ,USD,
Turks And Caicos Islands,Rest of World,no-free-ship,金额,<500,17.35 ,USD,
Tristan Da Cunha,Rest of World,no-free-ship,金额,<500,35.88 ,USD,
Trinidad and Tobago,Rest of World,no-free-ship,金额,<500,17.35 ,USD,
Tortola (British Virgin Islands),Rest of World,no-free-ship,金额,<500,14.26 ,USD,
Tonga,Rest of World,no-free-ship,金额,<500,18.09 ,USD,
Tokelau,Rest of World,no-free-ship,金额,<500,33.38 ,USD,
Togo,Rest of World,no-free-ship,金额,<500,14.56 ,USD,
Timor-leste,Rest of World,no-free-ship,金额,<500,35.88 ,USD,
Swaziland,Rest of World,no-free-ship,金额,<500,13.82 ,USD,
Solomon Islands,Rest of World,no-free-ship,金额,<500,13.24 ,USD,
Sint Maarteen,Rest of World,no-free-ship,金额,<500,17.35 ,USD,
Sierra Leone,Rest of World,no-free-ship,金额,<500,17.35 ,USD,
Seychelles,Rest of World,no-free-ship,金额,<500,11.18 ,USD,
Senegal,Rest of World,no-free-ship,金额,<500,12.79 ,USD,
Sao Tome and Principe,Rest of World,no-free-ship,金额,<500,17.35 ,USD,
San Marino,Rest of World,no-free-ship,金额,<500,17.50 ,USD,
"Samoa, Western",Rest of World,no-free-ship,金额,<500,25.29 ,USD,
Saint Vincent and The Grenadies,Rest of World,no-free-ship,金额,<500,16.62 ,USD,
Saint Pierre And Miquelon,Rest of World,no-free-ship,金额,<500,15.59 ,USD,
Saint Lucia,Rest of World,no-free-ship,金额,<500,14.26 ,USD,
Saint Kitts And Nevis,Rest of World,no-free-ship,金额,<500,16.62 ,USD,
Saint Helena,Rest of World,no-free-ship,金额,<500,16.18 ,USD,
Rwanda,Rest of World,no-free-ship,金额,<500,13.53 ,USD,
Reunion,Rest of World,no-free-ship,金额,<500,16.32 ,USD,
Pitcairn,Rest of World,no-free-ship,金额,<500,26.18 ,USD,
Papua New Guinea,Rest of World,no-free-ship,金额,<500,20.29 ,USD,
Palestine,Rest of World,no-free-ship,金额,<500,35.88 ,USD,
Northern Mariana Islands,Rest of World,no-free-ship,金额,<500,15.88 ,USD,
Norfolk Island,Rest of World,no-free-ship,金额,<500,20.15 ,USD,
Niue,Rest of World,no-free-ship,金额,<500,27.06 ,USD,
Niger,Rest of World,no-free-ship,金额,<500,13.82 ,USD,
New Caledonia,Rest of World,no-free-ship,金额,<500,20.29 ,USD,
Nauru,Rest of World,no-free-ship,金额,<500,25.59 ,USD,
Namibia,Rest of World,no-free-ship,金额,<500,15.29 ,USD,
Montserrat,Rest of World,no-free-ship,金额,<500,16.62 ,USD,
Martinique,Rest of World,no-free-ship,金额,<500,16.47 ,USD,
Marshall Islands,Rest of World,no-free-ship,金额,<500,15.00 ,USD,
Mali,Rest of World,no-free-ship,金额,<500,14.56 ,USD,
Malawi,Rest of World,no-free-ship,金额,<500,13.53 ,USD,
Liechtenstein,Rest of World,no-free-ship,金额,<500,15.15 ,USD,
Liberia,Rest of World,no-free-ship,金额,<500,16.47 ,USD,
Lesotho,Rest of World,no-free-ship,金额,<500,17.35 ,USD,
Kosovo,Rest of World,no-free-ship,金额,<500,14.12 ,USD,
Kiribati,Rest of World,no-free-ship,金额,<500,21.32 ,USD,
Jersey,Rest of World,no-free-ship,金额,<500,9.26 ,USD,
Jamaica,Rest of World,no-free-ship,金额,<500,14.26 ,USD,
Isle of Man,Rest of World,no-free-ship,金额,<500,9.26 ,USD,
Iceland,Rest of World,no-free-ship,金额,<500,10.74 ,USD,
Haiti,Rest of World,no-free-ship,金额,<500,16.62 ,USD,
Guinea,Rest of World,no-free-ship,金额,<500,14.26 ,USD,
Guernsey,Rest of World,no-free-ship,金额,<500,9.26 ,USD,
Guam,Rest of World,no-free-ship,金额,<500,16.18 ,USD,
Guadeloupe,Rest of World,no-free-ship,金额,<500,15.44 ,USD,
Grenada,Rest of World,no-free-ship,金额,<500,15.74 ,USD,
Greenland,Rest of World,no-free-ship,金额,<500,26.03 ,USD,
Gibraltar,Rest of World,no-free-ship,金额,<500,18.97 ,USD,
Gambia,Rest of World,no-free-ship,金额,<500,15.74 ,USD,
Gabon,Rest of World,no-free-ship,金额,<500,13.82 ,USD,
French Polynesia,Rest of World,no-free-ship,金额,<500,20.29 ,USD,
Fiji,Rest of World,no-free-ship,金额,<500,20.29 ,USD,
Faroe Islands,Rest of World,no-free-ship,金额,<500,22.35 ,USD,
Falkland Islands,Rest of World,no-free-ship,金额,<500,25.59 ,USD,
Eritrea,Rest of World,no-free-ship,金额,<500,15.74 ,USD,
Equatorial Guinea,Rest of World,no-free-ship,金额,<500,14.85 ,USD,
Dominica,Rest of World,no-free-ship,金额,<500,16.62 ,USD,
Djibouti,Rest of World,no-free-ship,金额,<500,17.35 ,USD,
Curacao,Rest of World,no-free-ship,金额,<500,15.74 ,USD,
Cote D'Ivoire,Rest of World,no-free-ship,金额,<500,13.53 ,USD,
Cook Islands,Rest of World,no-free-ship,金额,<500,35.88 ,USD,
Comoros,Rest of World,no-free-ship,金额,<500,13.82 ,USD,
Chad,Rest of World,no-free-ship,金额,<500,16.47 ,USD,
Central African Republic,Rest of World,no-free-ship,金额,<500,17.35 ,USD,
Cayman Islands,Rest of World,no-free-ship,金额,<500,15.74 ,USD,
Cape Verde,Rest of World,no-free-ship,金额,<500,17.35 ,USD,
Burundi,Rest of World,no-free-ship,金额,<500,15.74 ,USD,
Burkina Faso,Rest of World,no-free-ship,金额,<500,14.56 ,USD,
Botswana,Rest of World,no-free-ship,金额,<500,14.26 ,USD,
Bonaire,Rest of World,no-free-ship,金额,<500,17.35 ,USD,
Bhutan,Rest of World,no-free-ship,金额,<500,10.29 ,USD,
Bermuda,Rest of World,no-free-ship,金额,<500,14.26 ,USD,
Benin,Rest of World,no-free-ship,金额,<500,14.41 ,USD,
Barbados,Rest of World,no-free-ship,金额,<500,14.26 ,USD,
Bahamas,Rest of World,no-free-ship,金额,<500,15.00 ,USD,
Ascension Island,Rest of World,no-free-ship,金额,<500,17.65 ,USD,
Aruba,Rest of World,no-free-ship,金额,<500,17.50 ,USD,
Antigua and Barbuda,Rest of World,no-free-ship,金额,<500,13.53 ,USD,
Anguilla,Rest of World,no-free-ship,金额,<500,16.62 ,USD,
Andorra,Rest of World,no-free-ship,金额,<500,11.03 ,USD,
American Samoa,Rest of World,no-free-ship,金额,<500,15.15 ,USD,
Algeria,Rest of World,no-free-ship,金额,<500,14.12 ,USD,
Zambia,Rest of World,no-free-ship,金额,<50,2.21 ,USD,
Wallis And Futuna Islands,Rest of World,no-free-ship,金额,<50,4.26 ,USD,
Vanuatu,Rest of World,no-free-ship,金额,<50,3.60 ,USD,
United States Virgin Islands,Rest of World,no-free-ship,金额,<50,6.62 ,USD,
Tuvalu,Rest of World,no-free-ship,金额,<50,3.46 ,USD,
Turks And Caicos Islands,Rest of World,no-free-ship,金额,<50,2.79 ,USD,
Tristan Da Cunha,Rest of World,no-free-ship,金额,<50,5.44 ,USD,
Trinidad and Tobago,Rest of World,no-free-ship,金额,<50,2.79 ,USD,
Tortola (British Virgin Islands),Rest of World,no-free-ship,金额,<50,2.35 ,USD,
Tonga,Rest of World,no-free-ship,金额,<50,3.53 ,USD,
Tokelau,Rest of World,no-free-ship,金额,<50,4.26 ,USD,
Togo,Rest of World,no-free-ship,金额,<50,3.31 ,USD,
Timor-leste,Rest of World,no-free-ship,金额,<50,5.44 ,USD,
Swaziland,Rest of World,no-free-ship,金额,<50,2.57 ,USD,
Solomon Islands,Rest of World,no-free-ship,金额,<50,2.65 ,USD,
Sint Maarteen,Rest of World,no-free-ship,金额,<50,2.79 ,USD,
Sierra Leone,Rest of World,no-free-ship,金额,<50,2.79 ,USD,
Seychelles,Rest of World,no-free-ship,金额,<50,1.91 ,USD,
Senegal,Rest of World,no-free-ship,金额,<50,2.21 ,USD,
Sao Tome and Principe,Rest of World,no-free-ship,金额,<50,2.79 ,USD,
San Marino,Rest of World,no-free-ship,金额,<50,3.60 ,USD,
"Samoa, Western",Rest of World,no-free-ship,金额,<50,3.46 ,USD,
Saint Vincent and The Grenadies,Rest of World,no-free-ship,金额,<50,2.72 ,USD,
Saint Pierre And Miquelon,Rest of World,no-free-ship,金额,<50,4.34 ,USD,
Saint Lucia,Rest of World,no-free-ship,金额,<50,2.35 ,USD,
Saint Kitts And Nevis,Rest of World,no-free-ship,金额,<50,2.72 ,USD,
Saint Helena,Rest of World,no-free-ship,金额,<50,4.26 ,USD,
Rwanda,Rest of World,no-free-ship,金额,<50,2.28 ,USD,
Reunion,Rest of World,no-free-ship,金额,<50,6.40 ,USD,
Pitcairn,Rest of World,no-free-ship,金额,<50,4.34 ,USD,
Papua New Guinea,Rest of World,no-free-ship,金额,<50,3.09 ,USD,
Palestine,Rest of World,no-free-ship,金额,<50,5.44 ,USD,
Northern Mariana Islands,Rest of World,no-free-ship,金额,<50,6.62 ,USD,
Norfolk Island,Rest of World,no-free-ship,金额,<50,2.94 ,USD,
Niue,Rest of World,no-free-ship,金额,<50,3.90 ,USD,
Niger,Rest of World,no-free-ship,金额,<50,3.24 ,USD,
New Caledonia,Rest of World,no-free-ship,金额,<50,3.09 ,USD,
Nauru,Rest of World,no-free-ship,金额,<50,4.41 ,USD,
Namibia,Rest of World,no-free-ship,金额,<50,3.38 ,USD,
Montserrat,Rest of World,no-free-ship,金额,<50,2.72 ,USD,
Martinique,Rest of World,no-free-ship,金额,<50,5.88 ,USD,
Marshall Islands,Rest of World,no-free-ship,金额,<50,6.40 ,USD,
Mali,Rest of World,no-free-ship,金额,<50,3.31 ,USD,
Malawi,Rest of World,no-free-ship,金额,<50,2.28 ,USD,
Liechtenstein,Rest of World,no-free-ship,金额,<50,5.22 ,USD,
Liberia,Rest of World,no-free-ship,金额,<50,2.57 ,USD,
Lesotho,Rest of World,no-free-ship,金额,<50,2.79 ,USD,
Kosovo,Rest of World,no-free-ship,金额,<50,2.87 ,USD,
Kiribati,Rest of World,no-free-ship,金额,<50,3.46 ,USD,
Jersey,Rest of World,no-free-ship,金额,<50,5.29 ,USD,
Jamaica,Rest of World,no-free-ship,金额,<50,2.35 ,USD,
Isle of Man,Rest of World,no-free-ship,金额,<50,5.29 ,USD,
Iceland,Rest of World,no-free-ship,金额,<50,4.78 ,USD,
Haiti,Rest of World,no-free-ship,金额,<50,2.72 ,USD,
Guinea,Rest of World,no-free-ship,金额,<50,3.01 ,USD,
Guernsey,Rest of World,no-free-ship,金额,<50,5.29 ,USD,
Guam,Rest of World,no-free-ship,金额,<50,6.91 ,USD,
Guadeloupe,Rest of World,no-free-ship,金额,<50,6.18 ,USD,
Grenada,Rest of World,no-free-ship,金额,<50,2.50 ,USD,
Greenland,Rest of World,no-free-ship,金额,<50,6.84 ,USD,
Gibraltar,Rest of World,no-free-ship,金额,<50,3.09 ,USD,
Gambia,Rest of World,no-free-ship,金额,<50,2.50 ,USD,
Gabon,Rest of World,no-free-ship,金额,<50,3.24 ,USD,
French Polynesia,Rest of World,no-free-ship,金额,<50,3.09 ,USD,
Fiji,Rest of World,no-free-ship,金额,<50,3.09 ,USD,
Faroe Islands,Rest of World,no-free-ship,金额,<50,6.47 ,USD,
Falkland Islands,Rest of World,no-free-ship,金额,<50,4.41 ,USD,
Eritrea,Rest of World,no-free-ship,金额,<50,2.50 ,USD,
Equatorial Guinea,Rest of World,no-free-ship,金额,<50,2.94 ,USD,
Dominica,Rest of World,no-free-ship,金额,<50,2.72 ,USD,
Djibouti,Rest of World,no-free-ship,金额,<50,2.79 ,USD,
Curacao,Rest of World,no-free-ship,金额,<50,2.50 ,USD,
Cote D'Ivoire,Rest of World,no-free-ship,金额,<50,2.28 ,USD,
Cook Islands,Rest of World,no-free-ship,金额,<50,5.44 ,USD,
Comoros,Rest of World,no-free-ship,金额,<50,3.24 ,USD,
Chad,Rest of World,no-free-ship,金额,<50,2.57 ,USD,
Central African Republic,Rest of World,no-free-ship,金额,<50,2.79 ,USD,
Cayman Islands,Rest of World,no-free-ship,金额,<50,2.50 ,USD,
Cape Verde,Rest of World,no-free-ship,金额,<50,2.79 ,USD,
Burundi,Rest of World,no-free-ship,金额,<50,2.50 ,USD,
Burkina Faso,Rest of World,no-free-ship,金额,<50,3.31 ,USD,
Botswana,Rest of World,no-free-ship,金额,<50,2.35 ,USD,
Bonaire,Rest of World,no-free-ship,金额,<50,2.79 ,USD,
Bhutan,Rest of World,no-free-ship,金额,<50,3.68 ,USD,
Bermuda,Rest of World,no-free-ship,金额,<50,2.35 ,USD,
Benin,Rest of World,no-free-ship,金额,<50,3.16 ,USD,
Barbados,Rest of World,no-free-ship,金额,<50,2.35 ,USD,
Bahamas,Rest of World,no-free-ship,金额,<50,2.43 ,USD,
Ascension Island,Rest of World,no-free-ship,金额,<50,4.41 ,USD,
Aruba,Rest of World,no-free-ship,金额,<50,2.94 ,USD,
Antigua and Barbuda,Rest of World,no-free-ship,金额,<50,2.28 ,USD,
Anguilla,Rest of World,no-free-ship,金额,<50,2.72 ,USD,
Andorra,Rest of World,no-free-ship,金额,<50,4.41 ,USD,
American Samoa,Rest of World,no-free-ship,金额,<50,6.54 ,USD,
Algeria,Rest of World,no-free-ship,金额,<50,2.21 ,USD,
Zambia,Rest of World,no-free-ship,金额,<300,8.09 ,USD,
Wallis And Futuna Islands,Rest of World,no-free-ship,金额,<300,15.29 ,USD,
Vanuatu,Rest of World,no-free-ship,金额,<300,12.06 ,USD,
United States Virgin Islands,Rest of World,no-free-ship,金额,<300,11.76 ,USD,
Tuvalu,Rest of World,no-free-ship,金额,<300,13.38 ,USD,
Turks And Caicos Islands,Rest of World,no-free-ship,金额,<300,10.88 ,USD,
Tristan Da Cunha,Rest of World,no-free-ship,金额,<300,22.35 ,USD,
Trinidad and Tobago,Rest of World,no-free-ship,金额,<300,10.88 ,USD,
Tortola (British Virgin Islands),Rest of World,no-free-ship,金额,<300,8.97 ,USD,
Tonga,Rest of World,no-free-ship,金额,<300,11.62 ,USD,
Tokelau,Rest of World,no-free-ship,金额,<300,20.44 ,USD,
Togo,Rest of World,no-free-ship,金额,<300,9.56 ,USD,
Timor-leste,Rest of World,no-free-ship,金额,<300,22.35 ,USD,
Swaziland,Rest of World,no-free-ship,金额,<300,8.82 ,USD,
Solomon Islands,Rest of World,no-free-ship,金额,<300,8.53 ,USD,
Sint Maarteen,Rest of World,no-free-ship,金额,<300,10.88 ,USD,
Sierra Leone,Rest of World,no-free-ship,金额,<300,10.88 ,USD,
Seychelles,Rest of World,no-free-ship,金额,<300,7.06 ,USD,
Senegal,Rest of World,no-free-ship,金额,<300,8.09 ,USD,
Sao Tome and Principe,Rest of World,no-free-ship,金额,<300,10.88 ,USD,
San Marino,Rest of World,no-free-ship,金额,<300,11.32 ,USD,
"Samoa, Western",Rest of World,no-free-ship,金额,<300,15.59 ,USD,
Saint Vincent and The Grenadies,Rest of World,no-free-ship,金额,<300,10.44 ,USD,
Saint Pierre And Miquelon,Rest of World,no-free-ship,金额,<300,10.59 ,USD,
Saint Lucia,Rest of World,no-free-ship,金额,<300,8.97 ,USD,
Saint Kitts And Nevis,Rest of World,no-free-ship,金额,<300,10.44 ,USD,
Saint Helena,Rest of World,no-free-ship,金额,<300,10.88 ,USD,
Rwanda,Rest of World,no-free-ship,金额,<300,8.53 ,USD,
Reunion,Rest of World,no-free-ship,金额,<300,11.91 ,USD,
Pitcairn,Rest of World,no-free-ship,金额,<300,16.47 ,USD,
Papua New Guinea,Rest of World,no-free-ship,金额,<300,12.65 ,USD,
Palestine,Rest of World,no-free-ship,金额,<300,22.35 ,USD,
Northern Mariana Islands,Rest of World,no-free-ship,金额,<300,11.76 ,USD,
Norfolk Island,Rest of World,no-free-ship,金额,<300,12.50 ,USD,
Niue,Rest of World,no-free-ship,金额,<300,16.76 ,USD,
Niger,Rest of World,no-free-ship,金额,<300,9.12 ,USD,
New Caledonia,Rest of World,no-free-ship,金额,<300,12.65 ,USD,
Nauru,Rest of World,no-free-ship,金额,<300,16.18 ,USD,
Namibia,Rest of World,no-free-ship,金额,<300,10.00 ,USD,
Montserrat,Rest of World,no-free-ship,金额,<300,10.44 ,USD,
Martinique,Rest of World,no-free-ship,金额,<300,11.76 ,USD,
Marshall Islands,Rest of World,no-free-ship,金额,<300,11.18 ,USD,
Mali,Rest of World,no-free-ship,金额,<300,9.56 ,USD,
Malawi,Rest of World,no-free-ship,金额,<300,8.53 ,USD,
Liechtenstein,Rest of World,no-free-ship,金额,<300,10.74 ,USD,
Liberia,Rest of World,no-free-ship,金额,<300,10.29 ,USD,
Lesotho,Rest of World,no-free-ship,金额,<300,10.88 ,USD,
Kosovo,Rest of World,no-free-ship,金额,<300,9.12 ,USD,
Kiribati,Rest of World,no-free-ship,金额,<300,13.38 ,USD,
Jersey,Rest of World,no-free-ship,金额,<300,7.50 ,USD,
Jamaica,Rest of World,no-free-ship,金额,<300,8.97 ,USD,
Isle of Man,Rest of World,no-free-ship,金额,<300,7.50 ,USD,
Iceland,Rest of World,no-free-ship,金额,<300,8.09 ,USD,
Haiti,Rest of World,no-free-ship,金额,<300,10.44 ,USD,
Guinea,Rest of World,no-free-ship,金额,<300,9.26 ,USD,
Guernsey,Rest of World,no-free-ship,金额,<300,7.50 ,USD,
Guam,Rest of World,no-free-ship,金额,<300,12.06 ,USD,
Guadeloupe,Rest of World,no-free-ship,金额,<300,11.32 ,USD,
Grenada,Rest of World,no-free-ship,金额,<300,9.85 ,USD,
Greenland,Rest of World,no-free-ship,金额,<300,17.50 ,USD,
Gibraltar,Rest of World,no-free-ship,金额,<300,11.91 ,USD,
Gambia,Rest of World,no-free-ship,金额,<300,9.85 ,USD,
Gabon,Rest of World,no-free-ship,金额,<300,9.12 ,USD,
French Polynesia,Rest of World,no-free-ship,金额,<300,12.65 ,USD,
Fiji,Rest of World,no-free-ship,金额,<300,12.65 ,USD,
Faroe Islands,Rest of World,no-free-ship,金额,<300,15.29 ,USD,
Falkland Islands,Rest of World,no-free-ship,金额,<300,16.18 ,USD,
Eritrea,Rest of World,no-free-ship,金额,<300,9.85 ,USD,
Equatorial Guinea,Rest of World,no-free-ship,金额,<300,9.56 ,USD,
Dominica,Rest of World,no-free-ship,金额,<300,10.44 ,USD,
Djibouti,Rest of World,no-free-ship,金额,<300,10.88 ,USD,
Curacao,Rest of World,no-free-ship,金额,<300,9.85 ,USD,
Cote D'Ivoire,Rest of World,no-free-ship,金额,<300,8.53 ,USD,
Cook Islands,Rest of World,no-free-ship,金额,<300,22.35 ,USD,
Comoros,Rest of World,no-free-ship,金额,<300,9.12 ,USD,
Chad,Rest of World,no-free-ship,金额,<300,10.29 ,USD,
Central African Republic,Rest of World,no-free-ship,金额,<300,10.88 ,USD,
Cayman Islands,Rest of World,no-free-ship,金额,<300,9.85 ,USD,
Cape Verde,Rest of World,no-free-ship,金额,<300,10.88 ,USD,
Burundi,Rest of World,no-free-ship,金额,<300,9.85 ,USD,
Burkina Faso,Rest of World,no-free-ship,金额,<300,9.56 ,USD,
Botswana,Rest of World,no-free-ship,金额,<300,8.97 ,USD,
Bonaire,Rest of World,no-free-ship,金额,<300,10.88 ,USD,
Bhutan,Rest of World,no-free-ship,金额,<300,7.35 ,USD,
Bermuda,Rest of World,no-free-ship,金额,<300,8.97 ,USD,
Benin,Rest of World,no-free-ship,金额,<300,9.41 ,USD,
Barbados,Rest of World,no-free-ship,金额,<300,8.97 ,USD,
Bahamas,Rest of World,no-free-ship,金额,<300,9.41 ,USD,
Ascension Island,Rest of World,no-free-ship,金额,<300,11.76 ,USD,
Aruba,Rest of World,no-free-ship,金额,<300,11.03 ,USD,
Antigua and Barbuda,Rest of World,no-free-ship,金额,<300,8.53 ,USD,
Anguilla,Rest of World,no-free-ship,金额,<300,10.44 ,USD,
Andorra,Rest of World,no-free-ship,金额,<300,8.09 ,USD,
American Samoa,Rest of World,no-free-ship,金额,<300,11.32 ,USD,
Algeria,Rest of World,no-free-ship,金额,<300,8.82 ,USD,
Zambia,Rest of World,no-free-ship,金额,<1000,24.56 ,USD,
Wallis And Futuna Islands,Rest of World,no-free-ship,金额,<1000,46.18 ,USD,
Vanuatu,Rest of World,no-free-ship,金额,<1000,35.74 ,USD,
United States Virgin Islands,Rest of World,no-free-ship,金额,<1000,26.18 ,USD,
Tuvalu,Rest of World,no-free-ship,金额,<1000,41.18 ,USD,
Turks And Caicos Islands,Rest of World,no-free-ship,金额,<1000,33.53 ,USD,
Tristan Da Cunha,Rest of World,no-free-ship,金额,<1000,69.71 ,USD,
Trinidad and Tobago,Rest of World,no-free-ship,金额,<1000,33.53 ,USD,
Tortola (British Virgin Islands),Rest of World,no-free-ship,金额,<1000,27.50 ,USD,
Tonga,Rest of World,no-free-ship,金额,<1000,34.26 ,USD,
Tokelau,Rest of World,no-free-ship,金额,<1000,65.74 ,USD,
Togo,Rest of World,no-free-ship,金额,<1000,27.06 ,USD,
Timor-leste,Rest of World,no-free-ship,金额,<1000,69.71 ,USD,
Swaziland,Rest of World,no-free-ship,金额,<1000,26.32 ,USD,
Solomon Islands,Rest of World,no-free-ship,金额,<1000,25.00 ,USD,
Sint Maarteen,Rest of World,no-free-ship,金额,<1000,33.53 ,USD,
Sierra Leone,Rest of World,no-free-ship,金额,<1000,33.53 ,USD,
Seychelles,Rest of World,no-free-ship,金额,<1000,21.47 ,USD,
Senegal,Rest of World,no-free-ship,金额,<1000,24.56 ,USD,
Sao Tome and Principe,Rest of World,no-free-ship,金额,<1000,33.53 ,USD,
San Marino,Rest of World,no-free-ship,金额,<1000,32.94 ,USD,
"Samoa, Western",Rest of World,no-free-ship,金额,<1000,49.56 ,USD,
Saint Vincent and The Grenadies,Rest of World,no-free-ship,金额,<1000,32.06 ,USD,
Saint Pierre And Miquelon,Rest of World,no-free-ship,金额,<1000,28.09 ,USD,
Saint Lucia,Rest of World,no-free-ship,金额,<1000,27.50 ,USD,
Saint Kitts And Nevis,Rest of World,no-free-ship,金额,<1000,32.06 ,USD,
Saint Helena,Rest of World,no-free-ship,金额,<1000,29.41 ,USD,
Rwanda,Rest of World,no-free-ship,金额,<1000,26.03 ,USD,
Reunion,Rest of World,no-free-ship,金额,<1000,27.35 ,USD,
Pitcairn,Rest of World,no-free-ship,金额,<1000,50.44 ,USD,
Papua New Guinea,Rest of World,no-free-ship,金额,<1000,39.41 ,USD,
Palestine,Rest of World,no-free-ship,金额,<1000,69.71 ,USD,
Northern Mariana Islands,Rest of World,no-free-ship,金额,<1000,26.18 ,USD,
Norfolk Island,Rest of World,no-free-ship,金额,<1000,39.26 ,USD,
Niue,Rest of World,no-free-ship,金额,<1000,52.79 ,USD,
Niger,Rest of World,no-free-ship,金额,<1000,25.59 ,USD,
New Caledonia,Rest of World,no-free-ship,金额,<1000,39.41 ,USD,
Nauru,Rest of World,no-free-ship,金额,<1000,49.12 ,USD,
Namibia,Rest of World,no-free-ship,金额,<1000,28.53 ,USD,
Montserrat,Rest of World,no-free-ship,金额,<1000,32.06 ,USD,
Martinique,Rest of World,no-free-ship,金额,<1000,28.24 ,USD,
Marshall Islands,Rest of World,no-free-ship,金额,<1000,24.56 ,USD,
Mali,Rest of World,no-free-ship,金额,<1000,27.06 ,USD,
Malawi,Rest of World,no-free-ship,金额,<1000,26.03 ,USD,
Liechtenstein,Rest of World,no-free-ship,金额,<1000,26.18 ,USD,
Liberia,Rest of World,no-free-ship,金额,<1000,31.91 ,USD,
Lesotho,Rest of World,no-free-ship,金额,<1000,33.53 ,USD,
Kosovo,Rest of World,no-free-ship,金额,<1000,26.62 ,USD,
Kiribati,Rest of World,no-free-ship,金额,<1000,41.18 ,USD,
Jersey,Rest of World,no-free-ship,金额,<1000,13.68 ,USD,
Jamaica,Rest of World,no-free-ship,金额,<1000,27.50 ,USD,
Isle of Man,Rest of World,no-free-ship,金额,<1000,13.68 ,USD,
Iceland,Rest of World,no-free-ship,金额,<1000,17.35 ,USD,
Haiti,Rest of World,no-free-ship,金额,<1000,32.06 ,USD,
Guinea,Rest of World,no-free-ship,金额,<1000,26.76 ,USD,
Guernsey,Rest of World,no-free-ship,金额,<1000,13.68 ,USD,
Guam,Rest of World,no-free-ship,金额,<1000,26.47 ,USD,
Guadeloupe,Rest of World,no-free-ship,金额,<1000,25.74 ,USD,
Grenada,Rest of World,no-free-ship,金额,<1000,30.44 ,USD,
Greenland,Rest of World,no-free-ship,金额,<1000,47.35 ,USD,
Gibraltar,Rest of World,no-free-ship,金额,<1000,36.62 ,USD,
Gambia,Rest of World,no-free-ship,金额,<1000,30.44 ,USD,
Gabon,Rest of World,no-free-ship,金额,<1000,25.59 ,USD,
French Polynesia,Rest of World,no-free-ship,金额,<1000,39.41 ,USD,
Fiji,Rest of World,no-free-ship,金额,<1000,39.41 ,USD,
Faroe Islands,Rest of World,no-free-ship,金额,<1000,40.00 ,USD,
Falkland Islands,Rest of World,no-free-ship,金额,<1000,49.12 ,USD,
Eritrea,Rest of World,no-free-ship,金额,<1000,30.44 ,USD,
Equatorial Guinea,Rest of World,no-free-ship,金额,<1000,28.09 ,USD,
Dominica,Rest of World,no-free-ship,金额,<1000,32.06 ,USD,
Djibouti,Rest of World,no-free-ship,金额,<1000,33.53 ,USD,
Curacao,Rest of World,no-free-ship,金额,<1000,30.44 ,USD,
Cote D'Ivoire,Rest of World,no-free-ship,金额,<1000,26.03 ,USD,
Cook Islands,Rest of World,no-free-ship,金额,<1000,69.71 ,USD,
Comoros,Rest of World,no-free-ship,金额,<1000,25.59 ,USD,
Chad,Rest of World,no-free-ship,金额,<1000,31.91 ,USD,
Central African Republic,Rest of World,no-free-ship,金额,<1000,33.53 ,USD,
Cayman Islands,Rest of World,no-free-ship,金额,<1000,30.44 ,USD,
Cape Verde,Rest of World,no-free-ship,金额,<1000,33.53 ,USD,
Burundi,Rest of World,no-free-ship,金额,<1000,30.44 ,USD,
Burkina Faso,Rest of World,no-free-ship,金额,<1000,27.06 ,USD,
Botswana,Rest of World,no-free-ship,金额,<1000,27.50 ,USD,
Bonaire,Rest of World,no-free-ship,金额,<1000,33.53 ,USD,
Bhutan,Rest of World,no-free-ship,金额,<1000,17.65 ,USD,
Bermuda,Rest of World,no-free-ship,金额,<1000,27.50 ,USD,
Benin,Rest of World,no-free-ship,金额,<1000,26.91 ,USD,
Barbados,Rest of World,no-free-ship,金额,<1000,27.50 ,USD,
Bahamas,Rest of World,no-free-ship,金额,<1000,28.97 ,USD,
Ascension Island,Rest of World,no-free-ship,金额,<1000,32.35 ,USD,
Aruba,Rest of World,no-free-ship,金额,<1000,33.68 ,USD,
Antigua and Barbuda,Rest of World,no-free-ship,金额,<1000,26.03 ,USD,
Anguilla,Rest of World,no-free-ship,金额,<1000,32.06 ,USD,
Andorra,Rest of World,no-free-ship,金额,<1000,18.38 ,USD,
American Samoa,Rest of World,no-free-ship,金额,<1000,24.71 ,USD,
Algeria,Rest of World,no-free-ship,金额,<1000,27.35 ,USD,
Kosovo,Rest of World,no-free-ship,金额,<2000,51.62 ,USD,
Kiribati,Rest of World,no-free-ship,每增加基础计费,>2000,80.88+ceil((重量-2000)/10)*1.87,USD,
Kiribati,Rest of World,no-free-ship,重量,<2000,80.88 ,USD,
Jersey,Rest of World,no-free-ship,每增加基础计费,>2000,22.5+ceil((重量-2000)/10)*4.94,USD,
Jersey,Rest of World,no-free-ship,重量,<2000,22.50 ,USD,
Jamaica,Rest of World,no-free-ship,每增加基础计费,>2000,53.97+ceil((重量-2000)/10)*1.29,USD,
Jamaica,Rest of World,no-free-ship,重量,<2000,53.97 ,USD,
Isle of Man,Rest of World,no-free-ship,每增加基础计费,>2000,22.5+ceil((重量-2000)/10)*4.94,USD,
Isle of Man,Rest of World,no-free-ship,重量,<2000,22.50 ,USD,
Iceland,Rest of World,no-free-ship,每增加基础计费,>2000,30.59+ceil((重量-2000)/10)*4.25,USD,
Iceland,Rest of World,no-free-ship,重量,<2000,30.59 ,USD,
Haiti,Rest of World,no-free-ship,每增加基础计费,>2000,62.94+ceil((重量-2000)/10)*1.49,USD,
Haiti,Rest of World,no-free-ship,重量,<2000,62.94 ,USD,
Guinea,Rest of World,no-free-ship,每增加基础计费,>2000,51.76+ceil((重量-2000)/10)*2.01,USD,
Guinea,Rest of World,no-free-ship,重量,<2000,51.76 ,USD,
Guernsey,Rest of World,no-free-ship,每增加基础计费,>2000,22.5+ceil((重量-2000)/10)*4.94,USD,
Guernsey,Rest of World,no-free-ship,重量,<2000,22.50 ,USD,
Guam,Rest of World,no-free-ship,每增加基础计费,>2000,47.06+ceil((重量-2000)/10)*6.09,USD,
Guam,Rest of World,no-free-ship,重量,<2000,47.06 ,USD,
Guadeloupe,Rest of World,no-free-ship,每增加基础计费,>2000,46.32+ceil((重量-2000)/10)*5.35,USD,
Guadeloupe,Rest of World,no-free-ship,重量,<2000,46.32 ,USD,
Grenada,Rest of World,no-free-ship,每增加基础计费,>2000,59.85+ceil((重量-2000)/10)*1.32,USD,
Grenada,Rest of World,no-free-ship,重量,<2000,59.85 ,USD,
Greenland,Rest of World,no-free-ship,每增加基础计费,>2000,90+ceil((重量-2000)/10)*5.13,USD,
Greenland,Rest of World,no-free-ship,重量,<2000,90.00 ,USD,
Gibraltar,Rest of World,no-free-ship,每增加基础计费,>2000,71.91+ceil((重量-2000)/10)*1.68,USD,
Gibraltar,Rest of World,no-free-ship,重量,<2000,71.91 ,USD,
Gambia,Rest of World,no-free-ship,每增加基础计费,>2000,59.85+ceil((重量-2000)/10)*1.32,USD,
Gambia,Rest of World,no-free-ship,重量,<2000,59.85 ,USD,
Gabon,Rest of World,no-free-ship,每增加基础计费,>2000,49.12+ceil((重量-2000)/10)*2.29,USD,
Gabon,Rest of World,no-free-ship,重量,<2000,49.12 ,USD,
French Polynesia,Rest of World,no-free-ship,每增加基础计费,>2000,77.65+ceil((重量-2000)/10)*1.56,USD,
French Polynesia,Rest of World,no-free-ship,重量,<2000,77.65 ,USD,
Fiji,Rest of World,no-free-ship,每增加基础计费,>2000,77.65+ceil((重量-2000)/10)*1.56,USD,
Fiji,Rest of World,no-free-ship,重量,<2000,77.65 ,USD,
Faroe Islands,Rest of World,no-free-ship,每增加基础计费,>2000,75.29+ceil((重量-2000)/10)*5.06,USD,
Faroe Islands,Rest of World,no-free-ship,重量,<2000,75.29 ,USD,
Falkland Islands,Rest of World,no-free-ship,每增加基础计费,>2000,96.18+ceil((重量-2000)/10)*2.53,USD,
Falkland Islands,Rest of World,no-free-ship,重量,<2000,96.18 ,USD,
Eritrea,Rest of World,no-free-ship,每增加基础计费,>2000,59.85+ceil((重量-2000)/10)*1.32,USD,
Eritrea,Rest of World,no-free-ship,重量,<2000,59.85 ,USD,
Equatorial Guinea,Rest of World,no-free-ship,每增加基础计费,>2000,54.56+ceil((重量-2000)/10)*1.88,USD,
Equatorial Guinea,Rest of World,no-free-ship,重量,<2000,54.56 ,USD,
Dominica,Rest of World,no-free-ship,每增加基础计费,>2000,62.94+ceil((重量-2000)/10)*1.49,USD,
Dominica,Rest of World,no-free-ship,重量,<2000,62.94 ,USD,
Djibouti,Rest of World,no-free-ship,每增加基础计费,>2000,65.88+ceil((重量-2000)/10)*1.5,USD,
Djibouti,Rest of World,no-free-ship,重量,<2000,65.88 ,USD,
Curacao,Rest of World,no-free-ship,每增加基础计费,>2000,59.85+ceil((重量-2000)/10)*1.32,USD,
Curacao,Rest of World,no-free-ship,重量,<2000,59.85 ,USD,
Cote D'Ivoire,Rest of World,no-free-ship,每增加基础计费,>2000,51.03+ceil((重量-2000)/10)*1.28,USD,
Cote D'Ivoire,Rest of World,no-free-ship,重量,<2000,51.03 ,USD,
Cook Islands,Rest of World,no-free-ship,每增加基础计费,>2000,137.35+ceil((重量-2000)/10)*2.74,USD,
Cook Islands,Rest of World,no-free-ship,重量,<2000,137.35 ,USD,
Comoros,Rest of World,no-free-ship,每增加基础计费,>2000,49.12+ceil((重量-2000)/10)*2.29,USD,
Comoros,Rest of World,no-free-ship,重量,<2000,49.12 ,USD,
Chad,Rest of World,no-free-ship,每增加基础计费,>2000,62.79+ceil((重量-2000)/10)*1.34,USD,
Chad,Rest of World,no-free-ship,重量,<2000,62.79 ,USD,
Central African Republic,Rest of World,no-free-ship,每增加基础计费,>2000,65.88+ceil((重量-2000)/10)*1.5,USD,
Central African Republic,Rest of World,no-free-ship,重量,<2000,65.88 ,USD,
Cayman Islands,Rest of World,no-free-ship,每增加基础计费,>2000,59.85+ceil((重量-2000)/10)*1.32,USD,
Cayman Islands,Rest of World,no-free-ship,重量,<2000,59.85 ,USD,
Cape Verde,Rest of World,no-free-ship,每增加基础计费,>2000,65.88+ceil((重量-2000)/10)*1.5,USD,
Cape Verde,Rest of World,no-free-ship,重量,<2000,65.88 ,USD,
Burundi,Rest of World,no-free-ship,每增加基础计费,>2000,59.85+ceil((重量-2000)/10)*1.32,USD,
Burundi,Rest of World,no-free-ship,重量,<2000,59.85 ,USD,
Burkina Faso,Rest of World,no-free-ship,每增加基础计费,>2000,52.06+ceil((重量-2000)/10)*2.31,USD,
Burkina Faso,Rest of World,no-free-ship,重量,<2000,52.06 ,USD,
Botswana,Rest of World,no-free-ship,每增加基础计费,>2000,53.97+ceil((重量-2000)/10)*1.29,USD,
Botswana,Rest of World,no-free-ship,重量,<2000,53.97 ,USD,
Bonaire,Rest of World,no-free-ship,每增加基础计费,>2000,65.88+ceil((重量-2000)/10)*1.5,USD,
Bonaire,Rest of World,no-free-ship,重量,<2000,65.88 ,USD,
Bhutan,Rest of World,no-free-ship,每增加基础计费,>2000,32.35+ceil((重量-2000)/10)*3.09,USD,
Bhutan,Rest of World,no-free-ship,重量,<2000,32.35 ,USD,
Bermuda,Rest of World,no-free-ship,每增加基础计费,>2000,53.97+ceil((重量-2000)/10)*1.29,USD,
Bermuda,Rest of World,no-free-ship,重量,<2000,53.97 ,USD,
Benin,Rest of World,no-free-ship,每增加基础计费,>2000,51.91+ceil((重量-2000)/10)*2.16,USD,
Benin,Rest of World,no-free-ship,重量,<2000,51.91 ,USD,
Barbados,Rest of World,no-free-ship,每增加基础计费,>2000,53.97+ceil((重量-2000)/10)*1.29,USD,
Barbados,Rest of World,no-free-ship,重量,<2000,53.97 ,USD,
Bahamas,Rest of World,no-free-ship,每增加基础计费,>2000,56.91+ceil((重量-2000)/10)*1.31,USD,
Bahamas,Rest of World,no-free-ship,重量,<2000,56.91 ,USD,
Ascension Island,Rest of World,no-free-ship,每增加基础计费,>2000,61.76+ceil((重量-2000)/10)*3.24,USD,
Ascension Island,Rest of World,no-free-ship,重量,<2000,61.76 ,USD,
Aruba,Rest of World,no-free-ship,每增加基础计费,>2000,66.03+ceil((重量-2000)/10)*1.65,USD,
Aruba,Rest of World,no-free-ship,重量,<2000,66.03 ,USD,
Antigua and Barbuda,Rest of World,no-free-ship,每增加基础计费,>2000,51.03+ceil((重量-2000)/10)*1.28,USD,
Antigua and Barbuda,Rest of World,no-free-ship,重量,<2000,51.03 ,USD,
Anguilla,Rest of World,no-free-ship,每增加基础计费,>2000,62.94+ceil((重量-2000)/10)*1.49,USD,
Anguilla,Rest of World,no-free-ship,重量,<2000,62.94 ,USD,
Andorra,Rest of World,no-free-ship,每增加基础计费,>2000,33.09+ceil((重量-2000)/10)*3.82,USD,
Andorra,Rest of World,no-free-ship,重量,<2000,33.09 ,USD,
American Samoa,Rest of World,no-free-ship,每增加基础计费,>2000,43.82+ceil((重量-2000)/10)*5.78,USD,
American Samoa,Rest of World,no-free-ship,重量,<2000,43.82 ,USD,
Algeria,Rest of World,no-free-ship,每增加基础计费,>2000,53.82+ceil((重量-2000)/10)*1.15,USD,
Algeria,Rest of World,no-free-ship,重量,<2000,53.82 ,USD,
United States,Zone A,no-free-ship,金额,<300,11.91 ,USD,
United Kingdom,Zone A,no-free-ship,金额,<300,8.09 ,USD,
Sweden,Zone A,no-free-ship,金额,<300,5.88 ,USD,
Spain,Zone A,no-free-ship,金额,<300,5.74 ,USD,
Slovenia,Zone A,no-free-ship,金额,<300,6.32 ,USD,
Slovakia,Zone A,no-free-ship,金额,<300,6.47 ,USD,
Singapore,Zone A,no-free-ship,金额,<300,3.24 ,USD,
Romania,Zone A,no-free-ship,金额,<300,6.91 ,USD,
Republic of Korea,Zone A,no-free-ship,金额,<300,2.65 ,USD,
Portugal,Zone A,no-free-ship,金额,<300,8.09 ,USD,
Netherlands,Zone A,no-free-ship,金额,<300,9.71 ,USD,
Monaco,Zone A,no-free-ship,金额,<300,8.09 ,USD,
Mexico,Zone A,no-free-ship,金额,<300,7.50 ,USD,
Malta,Zone A,no-free-ship,金额,<300,8.82 ,USD,
Luxembourg,Zone A,no-free-ship,金额,<300,7.50 ,USD,
Lithuania,Zone A,no-free-ship,金额,<300,4.85 ,USD,
Latvia,Zone A,no-free-ship,金额,<300,4.85 ,USD,
Japan,Zone A,no-free-ship,金额,<300,4.71 ,USD,
Italy,Zone A,no-free-ship,金额,<300,6.91 ,USD,
Ireland,Zone A,no-free-ship,金额,<300,7.06 ,USD,
Hungary,Zone A,no-free-ship,金额,<300,6.18 ,USD,
Greece,Zone A,no-free-ship,金额,<300,6.47 ,USD,
Germany,Zone A,no-free-ship,金额,<300,6.32 ,USD,
France,Zone A,no-free-ship,金额,<300,6.32 ,USD,
Finland,Zone A,no-free-ship,金额,<300,11.47 ,USD,
Estonia,Zone A,no-free-ship,金额,<300,4.85 ,USD,
Denmark,Zone A,no-free-ship,金额,<300,7.65 ,USD,
Czech Republic,Zone A,no-free-ship,金额,<300,5.74 ,USD,
Cyprus,Zone A,no-free-ship,金额,<300,7.94 ,USD,
Croatia,Zone A,no-free-ship,金额,<300,6.03 ,USD,
Canada,Zone A,no-free-ship,金额,<300,13.24 ,USD,
Belgium,Zone A,no-free-ship,金额,<300,5.29 ,USD,
Austria,Zone A,no-free-ship,金额,<300,5.44 ,USD,
Australia,Zone A,no-free-ship,金额,<300,9.71 ,USD,
Switzerland,Zone A,no-free-ship,金额,<300,12.79 ,USD,
Puerto Rico,Zone A,no-free-ship,金额,<300,11.91 ,USD,
Norway,Zone A,no-free-ship,金额,<300,10.00 ,USD,
New Zealand,Zone A,no-free-ship,金额,<300,7.79 ,USD,
Macau,Zone A,no-free-ship,金额,<300,2.35 ,USD,
Hong Kong,Zone A,no-free-ship,金额,<300,1.91 ,USD,
Taiwan,Zone A,no-free-ship,金额,<300,2.21 ,USD,
United States,Zone A,no-free-ship,重量,<2000,15.29 ,USD,
United States,Zone A,no-free-ship,每增加基础计费,>2000,15.29+ceil((重量-2000)/10)*1.74,USD,
United Kingdom,Zone A,no-free-ship,重量,<2000,10.88 ,USD,
United Kingdom,Zone A,no-free-ship,每增加基础计费,>2000,10.88+ceil((重量-2000)/10)*1.35,USD,
Sweden,Zone A,no-free-ship,重量,<2000,15.29 ,USD,
Sweden,Zone A,no-free-ship,每增加基础计费,>2000,15.29+ceil((重量-2000)/10)*0.74,USD,
Spain,Zone A,no-free-ship,重量,<2000,14.56 ,USD,
Spain,Zone A,no-free-ship,每增加基础计费,>2000,14.56+ceil((重量-2000)/10)*0.9,USD,
Slovenia,Zone A,no-free-ship,重量,<2000,14.12 ,USD,
Slovenia,Zone A,no-free-ship,每增加基础计费,>2000,14.12+ceil((重量-2000)/10)*0.88,USD,
Slovakia,Zone A,no-free-ship,重量,<2000,13.97 ,USD,
Slovakia,Zone A,no-free-ship,每增加基础计费,>2000,13.97+ceil((重量-2000)/10)*0.88,USD,
Singapore,Zone A,no-free-ship,重量,<2000,9.71 ,USD,
Singapore,Zone A,no-free-ship,每增加基础计费,>2000,9.71+ceil((重量-2000)/10)*0.62,USD,
Romania,Zone A,no-free-ship,重量,<2000,12.79 ,USD,
Romania,Zone A,no-free-ship,每增加基础计费,>2000,12.79+ceil((重量-2000)/10)*1.21,USD,
Republic of Korea,Zone A,no-free-ship,重量,<2000,8.82 ,USD,
Republic of Korea,Zone A,no-free-ship,每增加基础计费,>2000,8.82+ceil((重量-2000)/10)*0.44,USD,
Portugal,Zone A,no-free-ship,重量,<2000,14.71 ,USD,
Portugal,Zone A,no-free-ship,每增加基础计费,>2000,14.71+ceil((重量-2000)/10)*1.01,USD,
Netherlands,Zone A,no-free-ship,重量,<2000,12.94 ,USD,
Netherlands,Zone A,no-free-ship,每增加基础计费,>2000,12.94+ceil((重量-2000)/10)*1.43,USD,
Monaco,Zone A,no-free-ship,重量,<2000,13.68 ,USD,
Monaco,Zone A,no-free-ship,每增加基础计费,>2000,13.68+ceil((重量-2000)/10)*1.24,USD,
Mexico,Zone A,no-free-ship,重量,<2000,19.26 ,USD,
Mexico,Zone A,no-free-ship,每增加基础计费,>2000,19.26+ceil((重量-2000)/10)*1.54,USD,
Malta,Zone A,no-free-ship,重量,<2000,16.18 ,USD,
Malta,Zone A,no-free-ship,每增加基础计费,>2000,16.18+ceil((重量-2000)/10)*1.53,USD,
Luxembourg,Zone A,no-free-ship,重量,<2000,13.53 ,USD,
Luxembourg,Zone A,no-free-ship,每增加基础计费,>2000,13.53+ceil((重量-2000)/10)*1.24,USD,
Lithuania,Zone A,no-free-ship,重量,<2000,16.32 ,USD,
Lithuania,Zone A,no-free-ship,每增加基础计费,>2000,16.32+ceil((重量-2000)/10)*0.85,USD,
Latvia,Zone A,no-free-ship,重量,<2000,16.32 ,USD,
Latvia,Zone A,no-free-ship,每增加基础计费,>2000,16.32+ceil((重量-2000)/10)*0.85,USD,
Japan,Zone A,no-free-ship,重量,<2000,12.65 ,USD,
Japan,Zone A,no-free-ship,每增加基础计费,>2000,12.65+ceil((重量-2000)/10)*0.84,USD,
Italy,Zone A,no-free-ship,重量,<2000,14.85 ,USD,
Italy,Zone A,no-free-ship,每增加基础计费,>2000,14.85+ceil((重量-2000)/10)*1.03,USD,
Ireland,Zone A,no-free-ship,重量,<2000,14.85 ,USD,
Ireland,Zone A,no-free-ship,每增加基础计费,>2000,14.85+ceil((重量-2000)/10)*0.84,USD,
Hungary,Zone A,no-free-ship,重量,<2000,15.88 ,USD,
Hungary,Zone A,no-free-ship,每增加基础计费,>2000,15.88+ceil((重量-2000)/10)*0.88,USD,
Greece,Zone A,no-free-ship,重量,<2000,16.03 ,USD,
Greece,Zone A,no-free-ship,每增加基础计费,>2000,16.03+ceil((重量-2000)/10)*1.07,USD,
Germany,Zone A,no-free-ship,重量,<2000,13.97 ,USD,
Germany,Zone A,no-free-ship,每增加基础计费,>2000,13.97+ceil((重量-2000)/10)*1.18,USD,
France,Zone A,no-free-ship,重量,<2000,11.76 ,USD,
France,Zone A,no-free-ship,每增加基础计费,>2000,11.76+ceil((重量-2000)/10)*1.1,USD,
Finland,Zone A,no-free-ship,重量,<2000,19.26 ,USD,
Finland,Zone A,no-free-ship,每增加基础计费,>2000,19.26+ceil((重量-2000)/10)*1.31,USD,
Estonia,Zone A,no-free-ship,重量,<2000,15.74 ,USD,
Estonia,Zone A,no-free-ship,每增加基础计费,>2000,15.74+ceil((重量-2000)/10)*0.85,USD,
Denmark,Zone A,no-free-ship,重量,<2000,16.91 ,USD,
Denmark,Zone A,no-free-ship,每增加基础计费,>2000,16.91+ceil((重量-2000)/10)*0.96,USD,
Czech Republic,Zone A,no-free-ship,重量,<2000,15.00 ,USD,
Czech Republic,Zone A,no-free-ship,每增加基础计费,>2000,15.00+ceil((重量-2000)/10)*0.85,USD,
Cyprus,Zone A,no-free-ship,重量,<2000,19.85 ,USD,
Cyprus,Zone A,no-free-ship,每增加基础计费,>2000,19.85+ceil((重量-2000)/10)*1.09,USD,
Croatia,Zone A,no-free-ship,重量,<2000,14.85 ,USD,
Croatia,Zone A,no-free-ship,每增加基础计费,>2000,14.85+ceil((重量-2000)/10)*1.03,USD,
Canada,Zone A,no-free-ship,重量,<2000,17.21 ,USD,
Canada,Zone A,no-free-ship,每增加基础计费,>2000,17.21+ceil((重量-2000)/10)*1.96,USD,
Belgium,Zone A,no-free-ship,重量,<2000,13.68 ,USD,
Belgium,Zone A,no-free-ship,每增加基础计费,>2000,13.68+ceil((重量-2000)/10)*0.81,USD,
Austria,Zone A,no-free-ship,重量,<2000,12.79 ,USD,
Austria,Zone A,no-free-ship,每增加基础计费,>2000,12.79+ceil((重量-2000)/10)*0.93,USD,
Australia,Zone A,no-free-ship,重量,<2000,15.44 ,USD,
Australia,Zone A,no-free-ship,每增加基础计费,>2000,15.44+ceil((重量-2000)/10)*1.88,USD,
Switzerland,Zone A,no-free-ship,重量,<2000,18.09 ,USD,
Switzerland,Zone A,no-free-ship,每增加基础计费,>2000,18.09+ceil((重量-2000)/10)*2.15,USD,
Puerto Rico,Zone A,no-free-ship,重量,<2000,15.29 ,USD,
Puerto Rico,Zone A,no-free-ship,每增加基础计费,>2000,15.29+ceil((重量-2000)/10)*1.74,USD,
Norway,Zone A,no-free-ship,重量,<2000,16.47 ,USD,
Norway,Zone A,no-free-ship,每增加基础计费,>2000,16.47+ceil((重量-2000)/10)*2.15,USD,
New Zealand,Zone A,no-free-ship,重量,<2000,14.26 ,USD,
New Zealand,Zone A,no-free-ship,每增加基础计费,>2000,14.26+ceil((重量-2000)/10)*1.84,USD,
Macau,Zone A,no-free-ship,重量,<2000,7.35 ,USD,
Macau,Zone A,no-free-ship,每增加基础计费,>2000,7.35+ceil((重量-2000)/10)*0.69,USD,
Hong Kong,Zone A,no-free-ship,重量,<2000,6.03 ,USD,
Hong Kong,Zone A,no-free-ship,每增加基础计费,>2000,6.03+ceil((重量-2000)/10)*0.69,USD,
Taiwan,Zone A,no-free-ship,重量,<2000,7.35 ,USD,
Taiwan,Zone A,no-free-ship,每增加基础计费,>2000,7.35+ceil((重量-2000)/10)*0.75,USD,
United States,Zone A,heavy-tools,金额,<300,11.91 ,USD,
United Kingdom,Zone A,heavy-tools,金额,<300,8.09 ,USD,
Sweden,Zone A,heavy-tools,金额,<300,5.88 ,USD,
Spain,Zone A,heavy-tools,金额,<300,5.74 ,USD,
Slovenia,Zone A,heavy-tools,金额,<300,6.32 ,USD,
Slovakia,Zone A,heavy-tools,金额,<300,6.47 ,USD,
Singapore,Zone A,heavy-tools,金额,<300,3.24 ,USD,
Romania,Zone A,heavy-tools,金额,<300,6.91 ,USD,
Republic of Korea,Zone A,heavy-tools,金额,<300,2.65 ,USD,
Portugal,Zone A,heavy-tools,金额,<300,8.09 ,USD,
Netherlands,Zone A,heavy-tools,金额,<300,9.71 ,USD,
Monaco,Zone A,heavy-tools,金额,<300,8.09 ,USD,
Mexico,Zone A,heavy-tools,金额,<300,7.50 ,USD,
Malta,Zone A,heavy-tools,金额,<300,8.82 ,USD,
Luxembourg,Zone A,heavy-tools,金额,<300,7.50 ,USD,
Lithuania,Zone A,heavy-tools,金额,<300,4.85 ,USD,
Latvia,Zone A,heavy-tools,金额,<300,4.85 ,USD,
Japan,Zone A,heavy-tools,金额,<300,4.71 ,USD,
Italy,Zone A,heavy-tools,金额,<300,6.91 ,USD,
Ireland,Zone A,heavy-tools,金额,<300,7.06 ,USD,
Hungary,Zone A,heavy-tools,金额,<300,6.18 ,USD,
Greece,Zone A,heavy-tools,金额,<300,6.47 ,USD,
Germany,Zone A,heavy-tools,金额,<300,6.32 ,USD,
France,Zone A,heavy-tools,金额,<300,6.32 ,USD,
Finland,Zone A,heavy-tools,金额,<300,11.47 ,USD,
Estonia,Zone A,heavy-tools,金额,<300,4.85 ,USD,
Denmark,Zone A,heavy-tools,金额,<300,7.65 ,USD,
Czech Republic,Zone A,heavy-tools,金额,<300,5.74 ,USD,
Cyprus,Zone A,heavy-tools,金额,<300,7.94 ,USD,
Croatia,Zone A,heavy-tools,金额,<300,6.03 ,USD,
Canada,Zone A,heavy-tools,金额,<300,13.24 ,USD,
Belgium,Zone A,heavy-tools,金额,<300,5.29 ,USD,
Austria,Zone A,heavy-tools,金额,<300,5.44 ,USD,
Australia,Zone A,heavy-tools,金额,<300,9.71 ,USD,
Switzerland,Zone A,heavy-tools,金额,<300,12.79 ,USD,
Puerto Rico,Zone A,heavy-tools,金额,<300,11.91 ,USD,
Norway,Zone A,heavy-tools,金额,<300,10.00 ,USD,
New Zealand,Zone A,heavy-tools,金额,<300,7.79 ,USD,
Macau,Zone A,heavy-tools,金额,<300,2.35 ,USD,
Hong Kong,Zone A,heavy-tools,金额,<300,1.91 ,USD,
Taiwan,Zone A,heavy-tools,金额,<300,2.21 ,USD,
United States,Zone A,heavy-tools,重量,<2000,15.29 ,USD,
United States,Zone A,heavy-tools,每增加基础计费,>2000,15.29+ceil((重量-2000)/10)*1.74,USD,
United Kingdom,Zone A,heavy-tools,重量,<2000,10.88 ,USD,
United Kingdom,Zone A,heavy-tools,每增加基础计费,>2000,10.88+ceil((重量-2000)/10)*1.35,USD,
Sweden,Zone A,heavy-tools,重量,<2000,15.29 ,USD,
Sweden,Zone A,heavy-tools,每增加基础计费,>2000,15.29+ceil((重量-2000)/10)*0.74,USD,
Spain,Zone A,heavy-tools,重量,<2000,14.56 ,USD,
Spain,Zone A,heavy-tools,每增加基础计费,>2000,14.56+ceil((重量-2000)/10)*0.9,USD,
Slovenia,Zone A,heavy-tools,重量,<2000,14.12 ,USD,
Slovenia,Zone A,heavy-tools,每增加基础计费,>2000,14.12+ceil((重量-2000)/10)*0.88,USD,
Slovakia,Zone A,heavy-tools,重量,<2000,13.97 ,USD,
Slovakia,Zone A,heavy-tools,每增加基础计费,>2000,13.97+ceil((重量-2000)/10)*0.88,USD,
Singapore,Zone A,heavy-tools,重量,<2000,9.71 ,USD,
Singapore,Zone A,heavy-tools,每增加基础计费,>2000,9.71+ceil((重量-2000)/10)*0.62,USD,
Romania,Zone A,heavy-tools,重量,<2000,12.79 ,USD,
Romania,Zone A,heavy-tools,每增加基础计费,>2000,12.79+ceil((重量-2000)/10)*1.21,USD,
Republic of Korea,Zone A,heavy-tools,重量,<2000,8.82 ,USD,
Republic of Korea,Zone A,heavy-tools,每增加基础计费,>2000,8.82+ceil((重量-2000)/10)*0.44,USD,
Portugal,Zone A,heavy-tools,重量,<2000,14.71 ,USD,
Portugal,Zone A,heavy-tools,每增加基础计费,>2000,14.71+ceil((重量-2000)/10)*1.01,USD,
Netherlands,Zone A,heavy-tools,重量,<2000,12.94 ,USD,
Netherlands,Zone A,heavy-tools,每增加基础计费,>2000,12.94+ceil((重量-2000)/10)*1.43,USD,
Monaco,Zone A,heavy-tools,重量,<2000,13.68 ,USD,
Monaco,Zone A,heavy-tools,每增加基础计费,>2000,13.68+ceil((重量-2000)/10)*1.24,USD,
Mexico,Zone A,heavy-tools,重量,<2000,19.26 ,USD,
Mexico,Zone A,heavy-tools,每增加基础计费,>2000,19.26+ceil((重量-2000)/10)*1.54,USD,
Malta,Zone A,heavy-tools,重量,<2000,16.18 ,USD,
Malta,Zone A,heavy-tools,每增加基础计费,>2000,16.18+ceil((重量-2000)/10)*1.53,USD,
Luxembourg,Zone A,heavy-tools,重量,<2000,13.53 ,USD,
Luxembourg,Zone A,heavy-tools,每增加基础计费,>2000,13.53+ceil((重量-2000)/10)*1.24,USD,
Lithuania,Zone A,heavy-tools,重量,<2000,16.32 ,USD,
Lithuania,Zone A,heavy-tools,每增加基础计费,>2000,16.32+ceil((重量-2000)/10)*0.85,USD,
Latvia,Zone A,heavy-tools,重量,<2000,16.32 ,USD,
Latvia,Zone A,heavy-tools,每增加基础计费,>2000,16.32+ceil((重量-2000)/10)*0.85,USD,
Japan,Zone A,heavy-tools,重量,<2000,12.65 ,USD,
Japan,Zone A,heavy-tools,每增加基础计费,>2000,12.65+ceil((重量-2000)/10)*0.84,USD,
Italy,Zone A,heavy-tools,重量,<2000,14.85 ,USD,
Italy,Zone A,heavy-tools,每增加基础计费,>2000,14.85+ceil((重量-2000)/10)*1.03,USD,
Ireland,Zone A,heavy-tools,重量,<2000,14.85 ,USD,
Ireland,Zone A,heavy-tools,每增加基础计费,>2000,14.85+ceil((重量-2000)/10)*0.84,USD,
Hungary,Zone A,heavy-tools,重量,<2000,15.88 ,USD,
Hungary,Zone A,heavy-tools,每增加基础计费,>2000,15.88+ceil((重量-2000)/10)*0.88,USD,
Greece,Zone A,heavy-tools,重量,<2000,16.03 ,USD,
Greece,Zone A,heavy-tools,每增加基础计费,>2000,16.03+ceil((重量-2000)/10)*1.07,USD,
Germany,Zone A,heavy-tools,重量,<2000,13.97 ,USD,
Germany,Zone A,heavy-tools,每增加基础计费,>2000,13.97+ceil((重量-2000)/10)*1.18,USD,
France,Zone A,heavy-tools,重量,<2000,11.76 ,USD,
France,Zone A,heavy-tools,每增加基础计费,>2000,11.76+ceil((重量-2000)/10)*1.1,USD,
Finland,Zone A,heavy-tools,重量,<2000,19.26 ,USD,
Finland,Zone A,heavy-tools,每增加基础计费,>2000,19.26+ceil((重量-2000)/10)*1.31,USD,
Estonia,Zone A,heavy-tools,重量,<2000,15.74 ,USD,
Estonia,Zone A,heavy-tools,每增加基础计费,>2000,15.74+ceil((重量-2000)/10)*0.85,USD,
Denmark,Zone A,heavy-tools,重量,<2000,16.91 ,USD,
Denmark,Zone A,heavy-tools,每增加基础计费,>2000,16.91+ceil((重量-2000)/10)*0.96,USD,
Czech Republic,Zone A,heavy-tools,重量,<2000,15.00 ,USD,
Czech Republic,Zone A,heavy-tools,每增加基础计费,>2000,15.00+ceil((重量-2000)/10)*0.85,USD,
Cyprus,Zone A,heavy-tools,重量,<2000,19.85 ,USD,
Cyprus,Zone A,heavy-tools,每增加基础计费,>2000,19.85+ceil((重量-2000)/10)*1.09,USD,
Croatia,Zone A,heavy-tools,重量,<2000,14.85 ,USD,
Croatia,Zone A,heavy-tools,每增加基础计费,>2000,14.85+ceil((重量-2000)/10)*1.03,USD,
Canada,Zone A,heavy-tools,重量,<2000,17.21 ,USD,
Canada,Zone A,heavy-tools,每增加基础计费,>2000,17.21+ceil((重量-2000)/10)*1.96,USD,
Belgium,Zone A,heavy-tools,重量,<2000,13.68 ,USD,
Belgium,Zone A,heavy-tools,每增加基础计费,>2000,13.68+ceil((重量-2000)/10)*0.81,USD,
Austria,Zone A,heavy-tools,重量,<2000,12.79 ,USD,
Austria,Zone A,heavy-tools,每增加基础计费,>2000,12.79+ceil((重量-2000)/10)*0.93,USD,
Australia,Zone A,heavy-tools,重量,<2000,15.44 ,USD,
Australia,Zone A,heavy-tools,每增加基础计费,>2000,15.44+ceil((重量-2000)/10)*1.88,USD,
Switzerland,Zone A,heavy-tools,重量,<2000,18.09 ,USD,
Switzerland,Zone A,heavy-tools,每增加基础计费,>2000,18.09+ceil((重量-2000)/10)*2.15,USD,
Puerto Rico,Zone A,heavy-tools,重量,<2000,15.29 ,USD,
Puerto Rico,Zone A,heavy-tools,每增加基础计费,>2000,15.29+ceil((重量-2000)/10)*1.74,USD,
Norway,Zone A,heavy-tools,重量,<2000,16.47 ,USD,
Norway,Zone A,heavy-tools,每增加基础计费,>2000,16.47+ceil((重量-2000)/10)*2.15,USD,
New Zealand,Zone A,heavy-tools,重量,<2000,14.26 ,USD,
New Zealand,Zone A,heavy-tools,每增加基础计费,>2000,14.26+ceil((重量-2000)/10)*1.84,USD,
Macau,Zone A,heavy-tools,重量,<2000,7.35 ,USD,
Macau,Zone A,heavy-tools,每增加基础计费,>2000,7.35+ceil((重量-2000)/10)*0.69,USD,
Hong Kong,Zone A,heavy-tools,重量,<2000,6.03 ,USD,
Hong Kong,Zone A,heavy-tools,每增加基础计费,>2000,6.03+ceil((重量-2000)/10)*0.69,USD,
Taiwan,Zone A,heavy-tools,重量,<2000,7.35 ,USD,
Taiwan,Zone A,heavy-tools,每增加基础计费,>2000,7.35+ceil((重量-2000)/10)*0.75,USD,
Vietnam,Zone B1,heavy-tools,金额,<300,1.91 ,USD,
Uruguay,Zone B1,heavy-tools,金额,<300,5.74 ,USD,
UAE,Zone B1,heavy-tools,金额,<300,5.15 ,USD,
Turkey,Zone B1,heavy-tools,金额,<300,4.71 ,USD,
Thailand,Zone B1,heavy-tools,金额,<300,1.76 ,USD,
Serbia,Zone B1,heavy-tools,金额,<300,6.91 ,USD,
Saudi Arabia,Zone B1,heavy-tools,金额,<300,4.56 ,USD,
Qatar,Zone B1,heavy-tools,金额,<300,4.12 ,USD,
Poland,Zone B1,heavy-tools,金额,<300,4.26 ,USD,
Panama,Zone B1,heavy-tools,金额,<300,5.59 ,USD,
Oman,Zone B1,heavy-tools,金额,<300,4.26 ,USD,
Montenegro,Zone B1,heavy-tools,金额,<300,5.74 ,USD,
Mauritius,Zone B1,heavy-tools,金额,<300,6.91 ,USD,
Malaysia,Zone B1,heavy-tools,金额,<300,2.79 ,USD,
Kuwait,Zone B1,heavy-tools,金额,<300,4.71 ,USD,
Jordan,Zone B1,heavy-tools,金额,<300,4.71 ,USD,
Israel,Zone B1,heavy-tools,金额,<300,5.74 ,USD,
Georgia,Zone B1,heavy-tools,金额,<300,4.26 ,USD,
Costa Rica,Zone B1,heavy-tools,金额,<300,7.94 ,USD,
Bulgaria,Zone B1,heavy-tools,金额,<300,4.26 ,USD,
Bahrain,Zone B1,heavy-tools,金额,<300,4.56 ,USD,
Vietnam,Zone B1,heavy-tools,重量,<2000,10.00 ,USD,
Vietnam,Zone B1,heavy-tools,每增加基础计费,>2000,10.00+ceil((重量-2000)/10)*0.68,USD,
Uruguay,Zone B1,heavy-tools,重量,<2000,15.74 ,USD,
Uruguay,Zone B1,heavy-tools,每增加基础计费,>2000,15.74+ceil((重量-2000)/10)*2.15,USD,
UAE,Zone B1,heavy-tools,重量,<2000,12.79 ,USD,
UAE,Zone B1,heavy-tools,每增加基础计费,>2000,12.79+ceil((重量-2000)/10)*0.94,USD,
Turkey,Zone B1,heavy-tools,重量,<2000,12.94 ,USD,
Turkey,Zone B1,heavy-tools,每增加基础计费,>2000,12.94+ceil((重量-2000)/10)*1.34,USD,
Thailand,Zone B1,heavy-tools,重量,<2000,12.94 ,USD,
Thailand,Zone B1,heavy-tools,每增加基础计费,>2000,12.94+ceil((重量-2000)/10)*0.82,USD,
Serbia,Zone B1,heavy-tools,重量,<2000,20.44 ,USD,
Serbia,Zone B1,heavy-tools,每增加基础计费,>2000,20.44+ceil((重量-2000)/10)*1.59,USD,
Saudi Arabia,Zone B1,heavy-tools,重量,<2000,12.79 ,USD,
Saudi Arabia,Zone B1,heavy-tools,每增加基础计费,>2000,12.79+ceil((重量-2000)/10)*0.94,USD,
Qatar,Zone B1,heavy-tools,重量,<2000,22.06 ,USD,
Qatar,Zone B1,heavy-tools,每增加基础计费,>2000,22.06+ceil((重量-2000)/10)*1.1,USD,
Poland,Zone B1,heavy-tools,重量,<2000,13.68 ,USD,
Poland,Zone B1,heavy-tools,每增加基础计费,>2000,13.68+ceil((重量-2000)/10)*1.09,USD,
Panama,Zone B1,heavy-tools,重量,<2000,21.91 ,USD,
Panama,Zone B1,heavy-tools,每增加基础计费,>2000,21.91+ceil((重量-2000)/10)*1.62,USD,
Oman,Zone B1,heavy-tools,重量,<2000,22.06 ,USD,
Oman,Zone B1,heavy-tools,每增加基础计费,>2000,22.06+ceil((重量-2000)/10)*1.13,USD,
Montenegro,Zone B1,heavy-tools,重量,<2000,14.85 ,USD,
Montenegro,Zone B1,heavy-tools,每增加基础计费,>2000,14.85+ceil((重量-2000)/10)*1.6,USD,
Mauritius,Zone B1,heavy-tools,重量,<2000,26.91 ,USD,
Mauritius,Zone B1,heavy-tools,每增加基础计费,>2000,26.91+ceil((重量-2000)/10)*1.43,USD,
Malaysia,Zone B1,heavy-tools,重量,<2000,10.00 ,USD,
Malaysia,Zone B1,heavy-tools,每增加基础计费,>2000,10.00+ceil((重量-2000)/10)*0.75,USD,
Kuwait,Zone B1,heavy-tools,重量,<2000,22.06 ,USD,
Kuwait,Zone B1,heavy-tools,每增加基础计费,>2000,22.06+ceil((重量-2000)/10)*1.1,USD,
Jordan,Zone B1,heavy-tools,重量,<2000,28.68 ,USD,
Jordan,Zone B1,heavy-tools,每增加基础计费,>2000,28.68+ceil((重量-2000)/10)*1.74,USD,
Israel,Zone B1,heavy-tools,重量,<2000,13.24 ,USD,
Israel,Zone B1,heavy-tools,每增加基础计费,>2000,13.24+ceil((重量-2000)/10)*1.21,USD,
Georgia,Zone B1,heavy-tools,重量,<2000,21.76 ,USD,
Georgia,Zone B1,heavy-tools,每增加基础计费,>2000,21.76+ceil((重量-2000)/10)*1.71,USD,
Costa Rica,Zone B1,heavy-tools,重量,<2000,22.06 ,USD,
Costa Rica,Zone B1,heavy-tools,每增加基础计费,>2000,22.06+ceil((重量-2000)/10)*1.59,USD,
Bulgaria,Zone B1,heavy-tools,重量,<2000,13.68 ,USD,
Bulgaria,Zone B1,heavy-tools,每增加基础计费,>2000,13.68+ceil((重量-2000)/10)*1.09,USD,
Bahrain,Zone B1,heavy-tools,重量,<2000,22.06 ,USD,
Bahrain,Zone B1,heavy-tools,每增加基础计费,>2000,22.06+ceil((重量-2000)/10)*1.1,USD,
Uzbekistan,Zone B2,heavy-tools,金额,<300,5.74 ,USD,
Tunisia,Zone B2,heavy-tools,金额,<300,4.71 ,USD,
Tajikistan,Zone B2,heavy-tools,金额,<300,1.91 ,USD,
Suriname,Zone B2,heavy-tools,金额,<300,6.47 ,USD,
Sri Lanka,Zone B2,heavy-tools,金额,<300,6.03 ,USD,
Philippines,Zone B2,heavy-tools,金额,<300,3.01 ,USD,
Paraguay,Zone B2,heavy-tools,金额,<300,6.18 ,USD,
Nicaragua,Zone B2,heavy-tools,金额,<300,5.74 ,USD,
Nepal,Zone B2,heavy-tools,金额,<300,4.71 ,USD,
Myanmar,Zone B2,heavy-tools,金额,<300,3.38 ,USD,
Morocco,Zone B2,heavy-tools,金额,<300,4.71 ,USD,
Mongolia,Zone B2,heavy-tools,金额,<300,4.56 ,USD,
Moldova,Zone B2,heavy-tools,金额,<300,4.56 ,USD,
Maldives,Zone B2,heavy-tools,金额,<300,2.57 ,USD,
Macedonia,Zone B2,heavy-tools,金额,<300,5.15 ,USD,
Lebanon,Zone B2,heavy-tools,金额,<300,4.56 ,USD,
Laos,Zone B2,heavy-tools,金额,<300,4.85 ,USD,
Kyrgyzstan,Zone B2,heavy-tools,金额,<300,1.91 ,USD,
Kazakhstan,Zone B2,heavy-tools,金额,<300,2.13 ,USD,
Indonesia,Zone B2,heavy-tools,金额,<300,3.38 ,USD,
India,Zone B2,heavy-tools,金额,<300,4.56 ,USD,
Honduras,Zone B2,heavy-tools,金额,<300,6.18 ,USD,
Guatemala,Zone B2,heavy-tools,金额,<300,7.06 ,USD,
El Salvador,Zone B2,heavy-tools,金额,<300,5.74 ,USD,
Egypt,Zone B2,heavy-tools,金额,<300,4.26 ,USD,
Ecuador,Zone B2,heavy-tools,金额,<300,6.47 ,USD,
Dominican Republic,Zone B2,heavy-tools,金额,<300,5.59 ,USD,
Colombia,Zone B2,heavy-tools,金额,<300,5.59 ,USD,
Cambodia,Zone B2,heavy-tools,金额,<300,2.57 ,USD,
Brunei Darussalam,Zone B2,heavy-tools,金额,<300,4.26 ,USD,
Bosnia And Herzegovina,Zone B2,heavy-tools,金额,<300,6.91 ,USD,
Bolivia,Zone B2,heavy-tools,金额,<300,6.47 ,USD,
Belize,Zone B2,heavy-tools,金额,<300,6.18 ,USD,
Bangladesh,Zone B2,heavy-tools,金额,<300,4.56 ,USD,
Azerbaijan,Zone B2,heavy-tools,金额,<300,4.71 ,USD,
Armenia,Zone B2,heavy-tools,金额,<300,5.15 ,USD,
Albania,Zone B2,heavy-tools,金额,<300,4.71 ,USD,
Uzbekistan,Zone B2,heavy-tools,重量,<2000,22.35 ,USD,
Uzbekistan,Zone B2,heavy-tools,每增加基础计费,>2000,22.35+ceil((重量-2000)/10)*1.34,USD,
Tunisia,Zone B2,heavy-tools,重量,<2000,37.35 ,USD,
Tunisia,Zone B2,heavy-tools,每增加基础计费,>2000,37.35+ceil((重量-2000)/10)*1.85,USD,
Tajikistan,Zone B2,heavy-tools,重量,<2000,22.35 ,USD,
Tajikistan,Zone B2,heavy-tools,每增加基础计费,>2000,22.35+ceil((重量-2000)/10)*1.34,USD,
Suriname,Zone B2,heavy-tools,重量,<2000,26.47 ,USD,
Suriname,Zone B2,heavy-tools,每增加基础计费,>2000,26.47+ceil((重量-2000)/10)*1.72,USD,
Sri Lanka,Zone B2,heavy-tools,重量,<2000,20.00 ,USD,
Sri Lanka,Zone B2,heavy-tools,每增加基础计费,>2000,20.00+ceil((重量-2000)/10)*1.74,USD,
Philippines,Zone B2,heavy-tools,重量,<2000,12.79 ,USD,
Philippines,Zone B2,heavy-tools,每增加基础计费,>2000,12.79+ceil((重量-2000)/10)*0.97,USD,
Paraguay,Zone B2,heavy-tools,重量,<2000,34.41 ,USD,
Paraguay,Zone B2,heavy-tools,每增加基础计费,>2000,34.41+ceil((重量-2000)/10)*2.18,USD,
Nicaragua,Zone B2,heavy-tools,重量,<2000,25.29 ,USD,
Nicaragua,Zone B2,heavy-tools,每增加基础计费,>2000,25.29+ceil((重量-2000)/10)*1.71,USD,
Nepal,Zone B2,heavy-tools,重量,<2000,28.68 ,USD,
Nepal,Zone B2,heavy-tools,每增加基础计费,>2000,28.68+ceil((重量-2000)/10)*1.21,USD,
Myanmar,Zone B2,heavy-tools,重量,<2000,15.29 ,USD,
Myanmar,Zone B2,heavy-tools,每增加基础计费,>2000,15.29+ceil((重量-2000)/10)*1.24,USD,
Morocco,Zone B2,heavy-tools,重量,<2000,22.06 ,USD,
Morocco,Zone B2,heavy-tools,每增加基础计费,>2000,22.06+ceil((重量-2000)/10)*1.62,USD,
Mongolia,Zone B2,heavy-tools,重量,<2000,20.88 ,USD,
Mongolia,Zone B2,heavy-tools,每增加基础计费,>2000,20.88+ceil((重量-2000)/10)*2.37,USD,
Moldova,Zone B2,heavy-tools,重量,<2000,22.65 ,USD,
Moldova,Zone B2,heavy-tools,每增加基础计费,>2000,22.65+ceil((重量-2000)/10)*1.24,USD,
Maldives,Zone B2,heavy-tools,重量,<2000,15.00 ,USD,
Maldives,Zone B2,heavy-tools,每增加基础计费,>2000,15.00+ceil((重量-2000)/10)*1.43,USD,
Macedonia,Zone B2,heavy-tools,重量,<2000,19.26 ,USD,
Macedonia,Zone B2,heavy-tools,每增加基础计费,>2000,19.26+ceil((重量-2000)/10)*1.37,USD,
Lebanon,Zone B2,heavy-tools,重量,<2000,22.06 ,USD,
Lebanon,Zone B2,heavy-tools,每增加基础计费,>2000,22.06+ceil((重量-2000)/10)*1.81,USD,
Laos,Zone B2,heavy-tools,重量,<2000,27.21 ,USD,
Laos,Zone B2,heavy-tools,每增加基础计费,>2000,27.21+ceil((重量-2000)/10)*1.68,USD,
Kyrgyzstan,Zone B2,heavy-tools,重量,<2000,22.35 ,USD,
Kyrgyzstan,Zone B2,heavy-tools,每增加基础计费,>2000,22.35+ceil((重量-2000)/10)*1.34,USD,
Kazakhstan,Zone B2,heavy-tools,重量,<2000,22.35 ,USD,
Kazakhstan,Zone B2,heavy-tools,每增加基础计费,>2000,22.35+ceil((重量-2000)/10)*1.34,USD,
Indonesia,Zone B2,heavy-tools,重量,<2000,15.29 ,USD,
Indonesia,Zone B2,heavy-tools,每增加基础计费,>2000,15.29+ceil((重量-2000)/10)*1.25,USD,
India,Zone B2,heavy-tools,重量,<2000,13.68 ,USD,
India,Zone B2,heavy-tools,每增加基础计费,>2000,13.68+ceil((重量-2000)/10)*1.1,USD,
Honduras,Zone B2,heavy-tools,重量,<2000,26.47 ,USD,
Honduras,Zone B2,heavy-tools,每增加基础计费,>2000,26.47+ceil((重量-2000)/10)*1.72,USD,
Guatemala,Zone B2,heavy-tools,重量,<2000,26.47 ,USD,
Guatemala,Zone B2,heavy-tools,每增加基础计费,>2000,26.47+ceil((重量-2000)/10)*1.72,USD,
El Salvador,Zone B2,heavy-tools,重量,<2000,25.29 ,USD,
El Salvador,Zone B2,heavy-tools,每增加基础计费,>2000,25.29+ceil((重量-2000)/10)*1.71,USD,
Egypt,Zone B2,heavy-tools,重量,<2000,22.06 ,USD,
Egypt,Zone B2,heavy-tools,每增加基础计费,>2000,22.06+ceil((重量-2000)/10)*1.54,USD,
Ecuador,Zone B2,heavy-tools,重量,<2000,25.29 ,USD,
Ecuador,Zone B2,heavy-tools,每增加基础计费,>2000,25.29+ceil((重量-2000)/10)*1.71,USD,
Dominican Republic,Zone B2,heavy-tools,重量,<2000,25.29 ,USD,
Dominican Republic,Zone B2,heavy-tools,每增加基础计费,>2000,25.29+ceil((重量-2000)/10)*1.71,USD,
Colombia,Zone B2,heavy-tools,重量,<2000,18.53 ,USD,
Colombia,Zone B2,heavy-tools,每增加基础计费,>2000,18.53+ceil((重量-2000)/10)*1.43,USD,
Cambodia,Zone B2,heavy-tools,重量,<2000,16.76 ,USD,
Cambodia,Zone B2,heavy-tools,每增加基础计费,>2000,16.76+ceil((重量-2000)/10)*1.21,USD,
Brunei Darussalam,Zone B2,heavy-tools,重量,<2000,15.29 ,USD,
Brunei Darussalam,Zone B2,heavy-tools,每增加基础计费,>2000,15.29+ceil((重量-2000)/10)*1.24,USD,
Bosnia And Herzegovina,Zone B2,heavy-tools,重量,<2000,19.26 ,USD,
Bosnia And Herzegovina,Zone B2,heavy-tools,每增加基础计费,>2000,19.26+ceil((重量-2000)/10)*1.37,USD,
Bolivia,Zone B2,heavy-tools,重量,<2000,34.41 ,USD,
Bolivia,Zone B2,heavy-tools,每增加基础计费,>2000,34.41+ceil((重量-2000)/10)*2.18,USD,
Belize,Zone B2,heavy-tools,重量,<2000,26.47 ,USD,
Belize,Zone B2,heavy-tools,每增加基础计费,>2000,26.47+ceil((重量-2000)/10)*1.72,USD,
Bangladesh,Zone B2,heavy-tools,重量,<2000,21.76 ,USD,
Bangladesh,Zone B2,heavy-tools,每增加基础计费,>2000,21.76+ceil((重量-2000)/10)*1.19,USD,
Azerbaijan,Zone B2,heavy-tools,重量,<2000,21.18 ,USD,
Azerbaijan,Zone B2,heavy-tools,每增加基础计费,>2000,21.18+ceil((重量-2000)/10)*1.81,USD,
Armenia,Zone B2,heavy-tools,重量,<2000,22.06 ,USD,
Armenia,Zone B2,heavy-tools,每增加基础计费,>2000,22.06+ceil((重量-2000)/10)*1.84,USD,
Albania,Zone B2,heavy-tools,重量,<2000,22.06 ,USD,
Albania,Zone B2,heavy-tools,每增加基础计费,>2000,22.06+ceil((重量-2000)/10)*1.62,USD,
